michael,0.013300
james,0.013104
lee,0.012093
ann,0.011746
marie,0.011398
william,0.010193
elizabeth,0.009501
david,0.009461
john,0.009158
robert,0.009022
lynn,0.007827
thomas,0.007627
joseph,0.006751
nicole,0.006004
christopher,0.005930
edward,0.005771
mary,0.005486
charles,0.005458
richard,0.004769
michelle,0.004594
anthony,0.004586
wayne,0.004377
daniel,0.004353
scott,0.004234
matthew,0.004118
andrew,0.004077
allen,0.003835
ray,0.003802
paul,0.003753
jean,0.003667
anne,0.003380
jennifer,0.003317
patricia,0.003269
renee,0.003235
linda,0.002986
mark,0.002917
alexander,0.002906
steven,0.002853
eugene,0.002726
timothy,0.002716
denise,0.002709
brian,0.002703
alan,0.002667
kenneth,0.002648
susan,0.002639
ashley,0.002608
patrick,0.002566
ryan,0.002544
stephen,0.002513
barbara,0.002484
joshua,0.002424
louise,0.002400
sarah,0.002393
jeffrey,0.002380
douglas,0.002341
jessica,0.002332
donald,0.002323
kevin,0.002290
george,0.002285
kimberly,0.002229
lisa,0.002184
keith,0.002178
dawn,0.002102
jason,0.002099
rebecca,0.002099
eric,0.002084
leigh,0.002077
margaret,0.002055
karen,0.002053
taylor,0.002027
jane,0.001997
jonathan,0.001990
gregory,0.001976
amanda,0.001952
ronald,0.001942
angela,0.001937
deborah,0.001920
maria,0.001906
carol,0.001893
rose,0.001862
sandra,0.001857
grace,0.001841
christine,0.001805
nancy,0.001793
kay,0.001789
melissa,0.001785
brandon,0.001767
danielle,0.001765
earl,0.001759
diane,0.001753
sue,0.001749
tyler,0.001747
dean,0.001746
cynthia,0.001724
katherine,0.001707
dale,0.001691
donna,0.001688
samuel,0.001681
benjamin,0.001674
nicholas,0.001665
catherine,0.001662
larry,0.001662
emily,0.001659
brenda,0.001648
elaine,0.001640
henry,0.001637
laura,0.001637
justin,0.001625
stephanie,0.001623
jacob,0.001605
amy,0.001604
gary,0.001588
mae,0.001586
lauren,0.001564
sharon,0.001556
pamela,0.001547
kelly,0.001536
carolyn,0.001533
aaron,0.001494
ruth,0.001477
betty,0.001443
adam,0.001418
jordan,0.001382
joyce,0.001378
teresa,0.001376
kathleen,0.001363
heather,0.001339
franklin,0.001316
jerry,0.001303
rachel,0.001302
frances,0.001302
victoria,0.001288
lewis,0.001264
ellen,0.001230
anna,0.001230
austin,0.001212
martin,0.001204
dennis,0.001203
terry,0.001196
gail,0.001187
kathryn,0.001174
raymond,0.001169
walter,0.001161
lawrence,0.001157
todd,0.001139
arthur,0.001129
christina,0.001124
brittany,0.001096
debra,0.001090
peter,0.001084
shirley,0.001082
smith,0.001081
frank,0.001075
jo,0.001073
carl,0.001072
russell,0.001070
morgan,0.001066
phillip,0.001065
howard,0.001061
glenn,0.001058
francis,0.001057
zachary,0.001054
megan,0.001052
wesley,0.001051
bryan,0.001048
antonio,0.001045
virginia,0.001040
christian,0.001039
louis,0.001037
janet,0.001025
faye,0.001018
hannah,0.001017
kyle,0.001016
crystal,0.001002
brooke,0.000999
robin,0.000999
samantha,0.000992
bruce,0.000986
harold,0.000983
shannon,0.000981
alexis,0.000981
dorothy,0.000976
bradley,0.000974
craig,0.000963
roger,0.000963
martha,0.000956
amber,0.000954
andrea,0.000952
lynne,0.000933
helen,0.000931
leslie,0.000929
erin,0.000917
tammy,0.000915
jacqueline,0.000907
annette,0.000904
joan,0.000896
joy,0.000887
nathan,0.000880
rae,0.000879
curtis,0.000876
albert,0.000875
michele,0.000873
davis,0.000873
allison,0.000868
tiffany,0.000861
caroline,0.000857
bobby,0.000854
janice,0.000854
monique,0.000854
jeremy,0.000853
julie,0.000849
cheryl,0.000841
mitchell,0.000839
paige,0.000820
judy,0.000820
alice,0.000816
sean,0.000813
cameron,0.000811
travis,0.000808
judith,0.000807
suzanne,0.000806
tracy,0.000798
courtney,0.000798
sara,0.000794
julia,0.000793
beth,0.000792
roy,0.000786
lamont,0.000782
leon,0.000775
joe,0.000771
frederick,0.000766
wanda,0.000764
madison,0.000762
philip,0.000762
hunter,0.000760
jackson,0.000759
nichole,0.000756
jose,0.000755
jay,0.000755
wilson,0.000751
jamie,0.000750
gerald,0.000749
nathaniel,0.000748
randall,0.000748
shawn,0.000735
gene,0.000732
kathy,0.000729
willie,0.000729
theresa,0.000723
vincent,0.000718
olivia,0.000716
edwin,0.000716
alexandra,0.000712
jack,0.000711
jones,0.000702
maurice,0.000701
yvonne,0.000699
williams,0.000699
billy,0.000695
jerome,0.000694
johnson,0.000693
bernard,0.000688
warren,0.000687
doris,0.000684
kayla,0.000684
beverly,0.000681
gloria,0.000680
blake,0.000680
april,0.000676
wendy,0.000675
shane,0.000673
peggy,0.000655
emma,0.000647
wade,0.000640
lane,0.000639
jesse,0.000638
evelyn,0.000638
gray,0.000637
randy,0.000636
joel,0.000633
lori,0.000632
kristen,0.000628
diana,0.000623
faith,0.000622
rodney,0.000622
leonard,0.000620
ralph,0.000618
ernest,0.000618
tony,0.000611
johnny,0.000608
sherry,0.000606
stanley,0.000597
tina,0.000595
jasmine,0.000592
phyllis,0.000586
alicia,0.000583
dana,0.000582
brown,0.000581
dylan,0.000581
logan,0.000580
sheila,0.000580
jimmy,0.000577
darlene,0.000570
lamar,0.000570
ricky,0.000569
irene,0.000567
abigail,0.000563
paula,0.000562
marcus,0.000562
danny,0.000562
hope,0.000559
anita,0.000557
dwayne,0.000556
evan,0.000556
allan,0.000555
lorraine,0.000554
leroy,0.000551
erica,0.000548
barry,0.000540
caleb,0.000540
rhonda,0.000536
claire,0.000533
calvin,0.000532
jeffery,0.000529
angel,0.000528
dianne,0.000525
cody,0.000524
annie,0.000522
chad,0.000518
regina,0.000517
ross,0.000516
bonnie,0.000515
marshall,0.000509
ethan,0.000507
clark,0.000505
victor,0.000504
luis,0.000503
brianna,0.000500
monica,0.000496
natalie,0.000495
carlos,0.000492
darrell,0.000492
nelson,0.000490
parker,0.000489
marvin,0.000486
cole,0.000485
melanie,0.000485
kim,0.000485
melvin,0.000480
yvette,0.000480
ronnie,0.000480
norman,0.000475
gabriel,0.000474
holly,0.000473
lloyd,0.000472
casey,0.000472
alyssa,0.000472
lindsey,0.000471
harry,0.000469
connie,0.000467
clayton,0.000466
corey,0.000463
vanessa,0.000462
gordon,0.000461
lindsay,0.000456
tonya,0.000454
sylvia,0.000453
jill,0.000452
carrie,0.000451
kristin,0.000450
lou,0.000450
spencer,0.000448
marilyn,0.000448
lea,0.000445
rene,0.000445
moore,0.000444
luke,0.000443
devon,0.000442
valerie,0.000442
brent,0.000441
derek,0.000440
lynette,0.000440
clarence,0.000440
leah,0.000436
garrett,0.000435
jeanette,0.000434
neal,0.000434
miller,0.000432
grant,0.000431
june,0.000427
seth,0.000426
alex,0.000425
ian,0.000425
noah,0.000424
harris,0.000424
carter,0.000424
elijah,0.000422
cathy,0.000421
joanne,0.000421
alfred,0.000420
veronica,0.000419
jeanne,0.000417
harrison,0.000416
katie,0.000414
lois,0.000412
chase,0.000410
neil,0.000409
bryant,0.000409
elise,0.000407
dustin,0.000405
tara,0.000404
perry,0.000403
lyn,0.000402
rita,0.000401
charlotte,0.000399
troy,0.000399
isaiah,0.000399
reginald,0.000398
reid,0.000397
isaac,0.000397
eileen,0.000396
walker,0.000396
kaye,0.000396
meredith,0.000394
tyrone,0.000394
haley,0.000394
junior,0.000393
juan,0.000391
fred,0.000389
marion,0.000389
audrey,0.000388
herbert,0.000385
bailey,0.000384
preston,0.000381
derrick,0.000380
theodore,0.000376
stuart,0.000375
stacy,0.000375
dwight,0.000374
andre,0.000373
graham,0.000373
anderson,0.000369
jon,0.000369
stewart,0.000364
vernon,0.000363
owen,0.000363
gabrielle,0.000362
sydney,0.000360
jared,0.000360
tamara,0.000358
manuel,0.000357
joann,0.000356
clifton,0.000355
may,0.000354
clyde,0.000352
noel,0.000351
alvin,0.000351
melinda,0.000351
stacey,0.000351
morris,0.000350
mackenzie,0.000349
alexandria,0.000349
carroll,0.000348
whitney,0.000348
adrian,0.000348
lillian,0.000347
cassandra,0.000344
mason,0.000344
chelsea,0.000344
ruby,0.000343
randolph,0.000343
cindy,0.000342
mildred,0.000341
kaitlyn,0.000341
vickie,0.000341
duane,0.000338
riley,0.000337
shelby,0.000337
ellis,0.000336
milton,0.000334
gayle,0.000333
kent,0.000333
everett,0.000332
colleen,0.000331
brett,0.000331
juanita,0.000329
christy,0.000329
arnold,0.000328
connor,0.000328
gwendolyn,0.000327
floyd,0.000327
carmen,0.000327
steve,0.000327
carlton,0.000327
avery,0.000326
savannah,0.000324
elliott,0.000323
lucas,0.000323
brooks,0.000321
clinton,0.000321
rosa,0.000321
jackie,0.000320
wallace,0.000320
glenda,0.000319
eddie,0.000318
carla,0.000318
kelsey,0.000318
charlene,0.000315
deanna,0.000313
edgar,0.000313
patrice,0.000308
harvey,0.000305
thompson,0.000304
alison,0.000302
terrell,0.000301
hugh,0.000301
tommy,0.000299
caitlin,0.000298
clay,0.000297
lucille,0.000296
simone,0.000296
edith,0.000296
delores,0.000296
vivian,0.000295
latoya,0.000294
felicia,0.000294
xavier,0.000293
sabrina,0.000293
terri,0.000293
geraldine,0.000292
clifford,0.000290
devin,0.000289
norma,0.000289
elisabeth,0.000288
white,0.000287
antoinette,0.000287
kristina,0.000287
natasha,0.000287
josephine,0.000285
hall,0.000283
gina,0.000283
dominique,0.000282
dewayne,0.000282
loretta,0.000282
edwards,0.000281
blair,0.000280
darnell,0.000279
jade,0.000277
edna,0.000277
esther,0.000276
laurie,0.000276
lester,0.000276
oliver,0.000276
maureen,0.000276
trevor,0.000276
brandy,0.000276
rochelle,0.000275
yolanda,0.000274
eleanor,0.000273
dalton,0.000273
destiny,0.000273
julian,0.000272
jermaine,0.000271
patsy,0.000271
jessie,0.000271
carson,0.000269
glen,0.000267
sally,0.000266
sierra,0.000266
ward,0.000266
gerard,0.000265
katrina,0.000265
alton,0.000263
jeremiah,0.000263
katelyn,0.000261
sophia,0.000261
miranda,0.000261
tanya,0.000260
candace,0.000260
kendall,0.000259
jamal,0.000258
molly,0.000258
bennett,0.000258
cecil,0.000257
evans,0.000257
king,0.000257
monroe,0.000257
tracey,0.000257
arlene,0.000257
eva,0.000257
jenna,0.000257
herman,0.000256
marc,0.000256
madeline,0.000256
marcia,0.000255
ella,0.000254
boyd,0.000254
kate,0.000254
miguel,0.000254
darryl,0.000253
pauline,0.000253
hill,0.000253
rebekah,0.000252
erika,0.000252
constance,0.000251
cory,0.000248
renae,0.000247
claudia,0.000246
charlie,0.000246
lydia,0.000246
van,0.000246
ana,0.000244
gilbert,0.000243
dee,0.000243
malik,0.000242
vicki,0.000242
marlene,0.000241
brandi,0.000240
erik,0.000240
amelia,0.000239
luther,0.000238
don,0.000237
chandler,0.000237
marjorie,0.000235
lance,0.000235
marsha,0.000234
bethany,0.000234
reed,0.000234
leo,0.000232
johnnie,0.000232
clara,0.000231
briana,0.000231
meghan,0.000230
leann,0.000230
priscilla,0.000229
penny,0.000228
oscar,0.000227
wright,0.000227
karl,0.000227
sidney,0.000227
dakota,0.000227
noelle,0.000227
alberto,0.000226
drew,0.000226
roberta,0.000226
robinson,0.000226
gladys,0.000226
max,0.000225
darren,0.000224
hazel,0.000224
naomi,0.000224
campbell,0.000223
isabel,0.000223
joanna,0.000223
kendra,0.000220
turner,0.000219
carole,0.000219
debbie,0.000219
mckenzie,0.000218
adams,0.000218
griffin,0.000218
guy,0.000218
omar,0.000217
camille,0.000217
claude,0.000217
chris,0.000217
bernice,0.000216
colin,0.000216
laverne,0.000215
belinda,0.000213
willis,0.000211
donnie,0.000211
elena,0.000211
autumn,0.000210
byron,0.000210
toni,0.000210
kristine,0.000210
sonya,0.000210
heidi,0.000209
bryce,0.000209
young,0.000209
cooper,0.000207
rogers,0.000207
iris,0.000206
landon,0.000205
fay,0.000204
sherri,0.000203
celeste,0.000203
emmanuel,0.000203
baker,0.000203
hailey,0.000202
jan,0.000202
rena,0.000202
ivan,0.000201
mack,0.000201
beatrice,0.000200
gale,0.000200
phillips,0.000200
maxine,0.000199
fredrick,0.000199
kennedy,0.000199
lucy,0.000198
misty,0.000198
johnathan,0.000197
miles,0.000197
donnell,0.000197
bell,0.000197
nina,0.000197
wyatt,0.000197
maxwell,0.000196
cheyenne,0.000196
ashton,0.000196
shelia,0.000195
isabella,0.000195
summer,0.000195
kara,0.000195
tanner,0.000193
roland,0.000193
chloe,0.000193
brittney,0.000192
heath,0.000191
price,0.000191
marissa,0.000191
bradford,0.000189
malcolm,0.000189
billie,0.000189
vance,0.000189
pearl,0.000189
leanne,0.000188
bobbie,0.000188
ervin,0.000188
francisco,0.000188
candice,0.000188
jesus,0.000187
bridget,0.000186
melody,0.000186
kerry,0.000186
odell,0.000184
latrice,0.000184
collins,0.000183
ariel,0.000183
kirk,0.000183
watson,0.000183
ricardo,0.000182
hayes,0.000182
dillon,0.000182
jenny,0.000181
thelma,0.000181
hamilton,0.000180
lonnie,0.000180
coleman,0.000179
alejandro,0.000178
gay,0.000178
rosemary,0.000177
levi,0.000177
makayla,0.000177
javier,0.000177
mario,0.000176
dolores,0.000176
ethel,0.000175
cecilia,0.000174
lashawn,0.000173
shelton,0.000173
georgia,0.000173
forrest,0.000172
ebony,0.000172
linwood,0.000172
duncan,0.000172
willard,0.000172
desiree,0.000171
grady,0.000171
adrienne,0.000169
jaime,0.000169
page,0.000168
dallas,0.000168
kristy,0.000168
miriam,0.000167
florence,0.000167
mariah,0.000166
wendell,0.000166
jimmie,0.000166
micah,0.000166
foster,0.000166
wood,0.000166
rachael,0.000165
tucker,0.000165
hayden,0.000165
kelley,0.000165
jorge,0.000164
lillie,0.000164
roberts,0.000164
lynda,0.000164
aubrey,0.000164
marian,0.000163
micheal,0.000163
daryl,0.000163
breanna,0.000163
jacquelyn,0.000163
powell,0.000162
quinn,0.000162
jody,0.000162
grayson,0.000161
tabitha,0.000161
myra,0.000161
cornelius,0.000161
lorenzo,0.000160
julius,0.000160
paulette,0.000159
shaun,0.000159
everette,0.000159
mckinley,0.000158
ali,0.000158
enrique,0.000158
darius,0.000158
orlando,0.000157
angelica,0.000157
krystal,0.000157
long,0.000157
terrence,0.000157
maggie,0.000156
eduardo,0.000156
alisha,0.000156
trent,0.000156
colby,0.000155
barnes,0.000155
kelli,0.000154
ramon,0.000154
janie,0.000154
rafael,0.000152
guadalupe,0.000152
shea,0.000152
dominic,0.000152
kelvin,0.000151
gavin,0.000150
cox,0.000149
demetrius,0.000149
geoffrey,0.000149
jake,0.000149
margie,0.000148
wilma,0.000148
hilda,0.000147
dixon,0.000147
peyton,0.000147
hubert,0.000146
angelo,0.000146
krista,0.000146
freeman,0.000146
alma,0.000146
marquis,0.000145
brendan,0.000145
chester,0.000145
shelley,0.000145
rashad,0.000145
mia,0.000145
green,0.000145
garland,0.000144
emanuel,0.000144
richardson,0.000143
betsy,0.000143
fernando,0.000143
jillian,0.000142
brady,0.000142
christie,0.000142
kristi,0.000142
greene,0.000141
thi,0.000141
jada,0.000141
nora,0.000141
renea,0.000141
antoine,0.000140
andres,0.000140
blaine,0.000140
raquel,0.000139
rachelle,0.000139
norris,0.000139
otis,0.000139
kaitlin,0.000139
jayne,0.000138
murray,0.000138
zoe,0.000138
michaela,0.000138
conrad,0.000137
oneal,0.000137
mercedes,0.000137
lena,0.000136
alexa,0.000136
pierce,0.000136
cristina,0.000135
addison,0.000135
vaughn,0.000135
grey,0.000135
patterson,0.000135
ginger,0.000135
burton,0.000135
sebastian,0.000134
cook,0.000134
latasha,0.000134
frankie,0.000134
robyn,0.000134
terrance,0.000134
ted,0.000133
fitzgerald,0.000133
agnes,0.000133
murphy,0.000132
daisy,0.000132
deshawn,0.000132
carolina,0.000132
kurt,0.000132
dewey,0.000131
nadine,0.000131
rex,0.000131
jefferson,0.000131
donovan,0.000131
kiara,0.000131
west,0.000131
hughes,0.000130
horace,0.000130
bianca,0.000129
reece,0.000129
roberto,0.000129
howell,0.000128
ashleigh,0.000128
sheryl,0.000128
maya,0.000128
tristan,0.000128
hudson,0.000128
janelle,0.000127
rudolph,0.000127
evette,0.000126
ava,0.000126
sandy,0.000126
karla,0.000126
ramona,0.000126
elmer,0.000126
sterling,0.000125
inez,0.000125
geneva,0.000125
vera,0.000125
jeannette,0.000125
kirsten,0.000125
sonia,0.000125
eli,0.000124
henderson,0.000124
nolan,0.000124
therese,0.000123
jenkins,0.000123
dexter,0.000123
mathew,0.000123
damon,0.000123
bertha,0.000123
kristopher,0.000122
allyson,0.000122
shelly,0.000121
roderick,0.000121
conner,0.000121
jocelyn,0.000121
kellie,0.000121
vicky,0.000120
rickey,0.000120
lynnette,0.000120
barrett,0.000120
ida,0.000120
jewel,0.000119
monet,0.000119
sylvester,0.000119
collin,0.000119
jodi,0.000119
traci,0.000119
mills,0.000118
brad,0.000118
deloris,0.000118
nicolas,0.000118
lavon,0.000118
imani,0.000118
dan,0.000118
gabriela,0.000118
garry,0.000118
raven,0.000118
britt,0.000118
simmons,0.000118
houston,0.000117
deon,0.000117
hayley,0.000117
cleveland,0.000117
cassidy,0.000117
reese,0.000116
winston,0.000116
layne,0.000116
adriana,0.000116
elsie,0.000116
webb,0.000116
mccoy,0.000116
hunt,0.000116
ashlyn,0.000116
johanna,0.000116
janae,0.000115
dawson,0.000115
cierra,0.000115
bryson,0.000115
love,0.000114
latonya,0.000114
holland,0.000114
leeann,0.000114
caitlyn,0.000114
lawson,0.000114
cedric,0.000113
woodrow,0.000113
alonzo,0.000113
loren,0.000113
lashay,0.000113
mallory,0.000112
edmund,0.000112
elliot,0.000112
dianna,0.000112
matthews,0.000112
gibson,0.000112
jalen,0.000112
diamond,0.000111
archie,0.000111
ben,0.000111
meagan,0.000111
byrd,0.000111
sherman,0.000111
mattie,0.000110
owens,0.000110
jennie,0.000110
ira,0.000110
quentin,0.000110
joey,0.000109
elbert,0.000109
tate,0.000109
wells,0.000109
josiah,0.000109
mohamed,0.000109
crawford,0.000109
jonathon,0.000108
roxanne,0.000108
eugenia,0.000108
aimee,0.000108
bernadette,0.000108
stone,0.000108
brock,0.000108
abby,0.000107
chadwick,0.000107
kaylee,0.000107
jamar,0.000107
bonita,0.000107
hampton,0.000107
nellie,0.000107
abraham,0.000107
cora,0.000107
marianne,0.000107
simon,0.000107
sheri,0.000107
lily,0.000107
laurel,0.000106
myers,0.000106
alana,0.000106
cara,0.000106
colton,0.000105
levon,0.000105
braxton,0.000105
sherrill,0.000105
aidan,0.000105
carey,0.000105
belle,0.000104
carly,0.000104
harley,0.000104
kasey,0.000104
becky,0.000104
katharine,0.000104
reynolds,0.000103
adele,0.000103
kristie,0.000103
jennings,0.000103
rufus,0.000103
latisha,0.000103
lora,0.000103
susanne,0.000103
sutton,0.000102
kirby,0.000102
lyle,0.000102
bessie,0.000102
emerson,0.000102
hicks,0.000102
dora,0.000102
tasha,0.000102
newton,0.000102
lesley,0.000102
charity,0.000101
tyson,0.000101
dane,0.000101
little,0.000101
ernestine,0.000101
ahmed,0.000101
minnie,0.000101
antonia,0.000101
alisa,0.000101
stella,0.000101
strickland,0.000101
gardner,0.000101
freddie,0.000101
whitley,0.000101
lowell,0.000100
hector,0.000100
marguerite,0.000100
haywood,0.000100
elyse,0.000100
irvin,0.000100
christa,0.000100
elwood,0.000100
felix,0.000099
angelina,0.000099
janine,0.000099
sanders,0.000099
sam,0.000099
sheree,0.000099
benton,0.000099
jarrett,0.000098
gretchen,0.000098
payne,0.000098
eve,0.000098
dion,0.000098
pedro,0.000098
mcdonald,0.000097
hattie,0.000097
nell,0.000097
aaliyah,0.000097
kendrick,0.000097
simpson,0.000097
roosevelt,0.000097
cesar,0.000097
holt,0.000097
porter,0.000096
harriet,0.000096
mona,0.000096
corinne,0.000096
andy,0.000096
butler,0.000096
montgomery,0.000096
ashlee,0.000096
raye,0.000096
clare,0.000096
ford,0.000096
alejandra,0.000096
starr,0.000095
elias,0.000095
marina,0.000095
fletcher,0.000095
drake,0.000095
sonja,0.000095
shante,0.000095
payton,0.000095
antwan,0.000095
selena,0.000094
justice,0.000094
cherie,0.000094
francine,0.000094
cassie,0.000094
doyle,0.000094
gage,0.000093
eunice,0.000093
kari,0.000093
trey,0.000093
cecelia,0.000093
tammie,0.000093
andrews,0.000093
zane,0.000093
javon,0.000093
kylie,0.000093
shana,0.000093
luz,0.000093
estelle,0.000093
sadie,0.000092
chanel,0.000092
shaw,0.000092
margarita,0.000092
ariana,0.000092
sade,0.000092
nikki,0.000092
tracie,0.000091
asia,0.000091
wiley,0.000091
tiara,0.000091
brianne,0.000091
wilbert,0.000091
trinity,0.000090
tamika,0.000090
harper,0.000090
augustus,0.000090
sherrie,0.000090
ivey,0.000090
brook,0.000090
daphne,0.000090
tia,0.000089
desmond,0.000089
gabriella,0.000089
reagan,0.000089
lacy,0.000089
justine,0.000089
lucinda,0.000089
mikayla,0.000089
skylar,0.000089
ahmad,0.000089
fisher,0.000089
leland,0.000089
antionette,0.000089
isabelle,0.000089
marty,0.000088
harrell,0.000088
keisha,0.000088
palmer,0.000088
viola,0.000088
doreen,0.000088
monae,0.000088
alfredo,0.000088
dante,0.000087
nichelle,0.000087
olga,0.000087
jasper,0.000087
ruben,0.000087
edmond,0.000087
marisa,0.000087
lavern,0.000087
erick,0.000087
shanice,0.000087
sheldon,0.000087
gregg,0.000087
jaclyn,0.000086
bettie,0.000086
hanna,0.000086
pierre,0.000086
kumar,0.000086
terence,0.000086
elisa,0.000086
kaleb,0.000086
callie,0.000085
chance,0.000085
ivy,0.000085
berry,0.000085
wilbur,0.000085
lucia,0.000085
karina,0.000085
tyrell,0.000085
randal,0.000085
leona,0.000084
dionne,0.000084
bennie,0.000084
raul,0.000084
carpenter,0.000084
jamel,0.000084
israel,0.000084
quinton,0.000084
eloise,0.000084
ada,0.000083
caldwell,0.000083
armando,0.000083
janette,0.000083
marcella,0.000083
bowman,0.000083
thurman,0.000083
benny,0.000083
symone,0.000083
alec,0.000083
mclean,0.000083
aileen,0.000083
weston,0.000082
elton,0.000082
robbie,0.000082
gracie,0.000082
ronda,0.000082
julio,0.000082
morrison,0.000082
joyner,0.000082
jarvis,0.000082
lacey,0.000082
dewitt,0.000082
kenya,0.000081
hart,0.000081
genevieve,0.000081
lanier,0.000081
lenora,0.000081
damian,0.000081
stevens,0.000081
kimberley,0.000081
jana,0.000081
tatiana,0.000081
patty,0.000080
myrtle,0.000080
moses,0.000080
parks,0.000080
sullivan,0.000080
laurence,0.000080
baxter,0.000080
nadia,0.000080
angelia,0.000080
chantel,0.000080
lashae,0.000080
parrish,0.000080
myron,0.000080
jeff,0.000080
anastasia,0.000080
gertrude,0.000079
tyree,0.000079
angie,0.000079
helene,0.000079
helena,0.000079
chasity,0.000079
liam,0.000079
garner,0.000079
jaden,0.000079
sofia,0.000079
alston,0.000079
india,0.000079
delano,0.000079
solomon,0.000078
skyler,0.000078
cary,0.000078
hardy,0.000078
delaney,0.000078
pope,0.000078
lavonne,0.000078
virgil,0.000078
watkins,0.000078
greg,0.000078
lamonte,0.000078
robertson,0.000078
damien,0.000078
tonia,0.000077
helms,0.000077
mickey,0.000077
sawyer,0.000077
ingrid,0.000077
celia,0.000077
williamson,0.000077
fox,0.000077
webster,0.000077
alden,0.000077
stacie,0.000077
holden,0.000077
cheri,0.000077
alexus,0.000076
lorene,0.000076
emory,0.000076
hillary,0.000076
earnest,0.000076
sophie,0.000076
erwin,0.000076
madelyn,0.000076
paris,0.000076
mandy,0.000076
daniela,0.000075
marcel,0.000075
wall,0.000075
knight,0.000075
daniels,0.000075
deanne,0.000075
della,0.000075
nichols,0.000075
lorena,0.000074
locklear,0.000074
gwen,0.000074
august,0.000074
boone,0.000074
mamie,0.000074
jaquan,0.000074
shari,0.000074
walton,0.000074
donte,0.000074
jasmin,0.000073
weldon,0.000073
ciara,0.000073
natalia,0.000073
ramsey,0.000073
trenton,0.000073
josue,0.000073
violet,0.000073
weaver,0.000073
lara,0.000072
charmaine,0.000072
sallie,0.000072
emmett,0.000072
eliza,0.000072
janis,0.000072
black,0.000072
melton,0.000072
suzette,0.000072
skye,0.000072
bass,0.000071
lakisha,0.000071
stefanie,0.000071
queen,0.000071
tameka,0.000070
elisha,0.000070
tanisha,0.000070
lana,0.000070
rhodes,0.000070
fowler,0.000070
denice,0.000070
amos,0.000070
morton,0.000070
mohammad,0.000070
velma,0.000070
worth,0.000070
tori,0.000070
delois,0.000070
susie,0.000070
maryann,0.000070
lavette,0.000070
unique,0.000070
homer,0.000070
octavia,0.000070
jonah,0.000070
lin,0.000069
marco,0.000069
quincy,0.000069
oneil,0.000069
yates,0.000069
shantel,0.000069
deandre,0.000069
myles,0.000069
trina,0.000069
clarissa,0.000069
cathleen,0.000069
jeanine,0.000069
gaye,0.000069
chapman,0.000069
tierra,0.000069
carr,0.000069
cornell,0.000069
dominick,0.000068
holmes,0.000068
patti,0.000068
mike,0.000068
debora,0.000068
hawkins,0.000068
jayden,0.000068
arianna,0.000068
lula,0.000068
jamison,0.000068
lashonda,0.000068
keri,0.000068
cornelia,0.000068
lambert,0.000068
pittman,0.000068
juliana,0.000068
irving,0.000068
dunn,0.000068
jeannie,0.000068
angelique,0.000068
karin,0.000068
brice,0.000068
dudley,0.000068
britney,0.000068
kenny,0.000068
anton,0.000067
salvatore,0.000067
kerri,0.000067
shay,0.000067
jewell,0.000067
alberta,0.000067
manning,0.000067
diego,0.000067
vann,0.000067
shanta,0.000067
brewer,0.000067
merritt,0.000067
rashawn,0.000067
rosemarie,0.000067
pablo,0.000067
brantley,0.000066
banks,0.000066
alfonso,0.000066
stephens,0.000066
clint,0.000066
toby,0.000066
ferguson,0.000066
hal,0.000066
shanna,0.000066
bill,0.000066
lanette,0.000066
alissa,0.000065
marquise,0.000065
sloan,0.000065
rice,0.000065
darin,0.000065
washington,0.000065
loraine,0.000065
coy,0.000065
barton,0.000065
arturo,0.000064
saunders,0.000064
mollie,0.000064
ernesto,0.000064
sammy,0.000064
buchanan,0.000064
tricia,0.000064
sheena,0.000064
flora,0.000064
garrison,0.000064
roman,0.000064
burke,0.000064
beck,0.000063
mindy,0.000063
darrin,0.000063
blanche,0.000063
dena,0.000063
serena,0.000063
mcneill,0.000063
reba,0.000063
boyce,0.000063
lionel,0.000063
laine,0.000063
royce,0.000063
daquan,0.000063
burns,0.000063
scot,0.000063
frazier,0.000062
bowen,0.000062
khalil,0.000062
fleming,0.000062
merle,0.000062
jarrod,0.000062
alexia,0.000062
pearson,0.000062
watts,0.000062
jacobs,0.000062
bridgette,0.000062
benson,0.000062
alyson,0.000062
sanford,0.000062
tania,0.000062
hilton,0.000062
mabel,0.000062
haynes,0.000062
ty,0.000062
cherry,0.000061
day,0.000061
beatriz,0.000061
demond,0.000061
ingram,0.000061
sasha,0.000061
garcia,0.000061
lakeisha,0.000061
stephan,0.000061
hodges,0.000061
armstrong,0.000061
polly,0.000061
bishop,0.000061
burgess,0.000061
delane,0.000061
mccall,0.000061
penelope,0.000061
amir,0.000061
deana,0.000061
jamaal,0.000060
steele,0.000060
dashawn,0.000060
linn,0.000060
wheeler,0.000060
grover,0.000060
reeves,0.000060
teri,0.000060
leticia,0.000060
fatima,0.000060
len,0.000060
lola,0.000060
paola,0.000060
sergio,0.000060
lynch,0.000060
etta,0.000060
teddy,0.000060
jude,0.000059
mohammed,0.000059
roscoe,0.000059
osborne,0.000059
lorie,0.000059
deann,0.000059
shawna,0.000059
tiana,0.000059
poole,0.000059
chelsey,0.000059
irma,0.000059
madeleine,0.000059
colette,0.000059
precious,0.000059
marla,0.000059
horton,0.000059
dina,0.000059
claudette,0.000059
cannon,0.000058
lenore,0.000058
stevenson,0.000058
star,0.000058
monte,0.000058
aisha,0.000058
malachi,0.000058
alyse,0.000058
sinclair,0.000058
fields,0.000058
lachelle,0.000058
valeria,0.000058
trudy,0.000058
fannie,0.000058
dell,0.000058
allie,0.000057
kiana,0.000057
dixie,0.000057
chandra,0.000057
whitaker,0.000057
leanna,0.000057
rhea,0.000057
singh,0.000057
ashanti,0.000057
hoyle,0.000057
rosalind,0.000057
earle,0.000057
brennan,0.000057
hester,0.000057
hinson,0.000056
shavon,0.000056
davon,0.000056
baldwin,0.000056
diann,0.000056
jaylen,0.000056
rosalie,0.000056
lowe,0.000056
gentry,0.000056
emery,0.000056
maynard,0.000056
giovanni,0.000056
marlon,0.000056
scottie,0.000056
woods,0.000056
kristian,0.000056
scotty,0.000056
mcdaniel,0.000056
mable,0.000056
ivette,0.000056
devonte,0.000056
cline,0.000055
tessa,0.000055
honeycutt,0.000055
clarke,0.000055
thanh,0.000055
tommie,0.000055
delia,0.000055
tabatha,0.000055
alphonso,0.000055
nanette,0.000055
francesca,0.000055
ayanna,0.000055
mckinney,0.000055
shae,0.000055
kierra,0.000055
nakia,0.000055
jodie,0.000055
cristian,0.000055
stefan,0.000055
rick,0.000055
freda,0.000055
isiah,0.000055
brooklyn,0.000055
lilly,0.000054
makenzie,0.000054
addie,0.000054
warner,0.000054
gerardo,0.000054
cain,0.000054
hilary,0.000054
lila,0.000054
katlyn,0.000054
johnston,0.000054
royal,0.000054
janay,0.000054
reuben,0.000054
kane,0.000054
rickie,0.000054
amari,0.000053
mckenna,0.000053
shayla,0.000053
zackary,0.000053
ericka,0.000053
wilkins,0.000053
carlyle,0.000053
benita,0.000053
adrianna,0.000053
shauna,0.000053
greer,0.000053
mechelle,0.000053
prince,0.000053
regan,0.000052
julianna,0.000052
thaddeus,0.000052
winfred,0.000052
jazmin,0.000052
will,0.000052
hines,0.000052
sherwood,0.000052
candy,0.000052
harmon,0.000052
julianne,0.000052
peterson,0.000052
timmy,0.000052
kyra,0.000052
huffman,0.000052
fuller,0.000052
verna,0.000052
lasha,0.000052
bullock,0.000052
burnette,0.000052
jordyn,0.000052
godwin,0.000052
cobb,0.000052
horne,0.000052
emil,0.000052
aiden,0.000052
eden,0.000052
josie,0.000051
farrell,0.000051
michel,0.000051
luisa,0.000051
wooten,0.000051
joni,0.000051
katina,0.000051
jazmine,0.000051
montrell,0.000051
robbins,0.000051
corbin,0.000051
felipe,0.000051
townsend,0.000051
merrill,0.000051
trevon,0.000051
nia,0.000051
o'neal,0.000051
millard,0.000051
esmeralda,0.000051
cruz,0.000051
rodriguez,0.000051
mya,0.000051
jeannine,0.000051
lincoln,0.000051
zachery,0.000051
jim,0.000051
hugo,0.000050
sybil,0.000050
nikole,0.000050
percy,0.000050
randi,0.000050
trisha,0.000050
loyd,0.000050
clement,0.000050
malinda,0.000050
guillermo,0.000050
martina,0.000050
thornton,0.000050
janel,0.000050
hopkins,0.000050
sage,0.000050
davidson,0.000050
kai,0.000050
bradshaw,0.000050
teague,0.000050
alaina,0.000050
allyn,0.000050
nickolas,0.000050
nathanael,0.000050
roberson,0.000050
leonardo,0.000050
dorian,0.000049
donell,0.000049
muriel,0.000049
macy,0.000049
jolene,0.000049
barker,0.000049
mari,0.000049
sondra,0.000049
rosetta,0.000049
marquita,0.000049
deirdre,0.000049
edison,0.000049
cortez,0.000049
martinez,0.000049
chavis,0.000049
hardin,0.000049
brenna,0.000049
henrietta,0.000049
stafford,0.000049
dare,0.000049
letitia,0.000049
otto,0.000049
bridges,0.000048
demetria,0.000048
melba,0.000048
nigel,0.000048
waters,0.000048
santiago,0.000048
hollis,0.000048
arielle,0.000048
ballard,0.000048
moss,0.000048
kyla,0.000048
shanae,0.000048
ferrell,0.000048
norwood,0.000048
wray,0.000048
beulah,0.000048
darian,0.000048
deja,0.000048
christen,0.000048
darla,0.000048
lynwood,0.000048
stevie,0.000048
evon,0.000048
tom,0.000048
joelle,0.000047
herring,0.000047
vaughan,0.000047
kameron,0.000047
juliet,0.000047
nash,0.000047
silvia,0.000047
judson,0.000047
adair,0.000047
tim,0.000047
marta,0.000047
lashea,0.000047
sharpe,0.000047
kira,0.000047
ezekiel,0.000047
alise,0.000047
gustavo,0.000047
vernell,0.000047
christi,0.000047
kareem,0.000047
cortney,0.000047
rosalyn,0.000047
lemuel,0.000046
ladonna,0.000046
camden,0.000046
savanna,0.000046
larue,0.000046
earlene,0.000046
tami,0.000046
hassan,0.000046
von,0.000046
whitfield,0.000046
gwyn,0.000046
ursula,0.000046
josh,0.000046
bret,0.000046
farmer,0.000046
newman,0.000046
marisol,0.000046
lanae,0.000046
moody,0.000046
aliyah,0.000046
samone,0.000046
corbett,0.000046
kermit,0.000046
york,0.000046
abdul,0.000046
talmadge,0.000046
mcgee,0.000046
wilton,0.000046
raphael,0.000046
deshaun,0.000046
best,0.000046
barber,0.000046
coley,0.000046
mitzi,0.000046
nick,0.000045
liliana,0.000045
giselle,0.000045
walters,0.000045
danette,0.000045
janell,0.000045
yesenia,0.000045
tatyana,0.000045
saundra,0.000045
milagros,0.000045
princess,0.000045
muhammad,0.000045
chambers,0.000045
ilene,0.000045
augusta,0.000045
camilla,0.000045
carissa,0.000045
harrington,0.000045
ngoc,0.000045
perkins,0.000045
tomas,0.000045
greta,0.000045
mone,0.000045
chrystal,0.000045
sharron,0.000045
staci,0.000045
lourdes,0.000045
woodard,0.000045
mariana,0.000044
eula,0.000044
nikita,0.000044
patton,0.000044
scarlett,0.000044
melisa,0.000044
cleo,0.000044
audra,0.000044
amie,0.000044
massey,0.000044
church,0.000044
oakley,0.000044
cordell,0.000044
marcos,0.000044
sigmon,0.000044
nance,0.000044
hale,0.000044
ollie,0.000044
latrell,0.000044
christin,0.000044
denis,0.000044
portia,0.000044
jenifer,0.000044
welch,0.000043
terrie,0.000043
winifred,0.000043
conley,0.000043
lashon,0.000043
silas,0.000043
winfield,0.000043
blanca,0.000043
kayleigh,0.000043
jerald,0.000043
linette,0.000043
pate,0.000043
danae,0.000043
pearce,0.000043
hallie,0.000043
stephenson,0.000043
duke,0.000043
monika,0.000043
alecia,0.000043
hans,0.000043
johnathon,0.000043
magdalena,0.000043
keenan,0.000043
mcarthur,0.000043
lopez,0.000043
alyce,0.000043
tatum,0.000043
durham,0.000043
blue,0.000043
clarice,0.000043
stanton,0.000042
graves,0.000042
carlene,0.000042
stephon,0.000042
shayne,0.000042
knox,0.000042
dillard,0.000042
craven,0.000042
cade,0.000042
genesis,0.000042
angeline,0.000042
mara,0.000042
braden,0.000042
bryon,0.000042
tremayne,0.000042
lorrie,0.000042
goodman,0.000042
vinson,0.000042
dwain,0.000042
stokes,0.000042
atkins,0.000042
susanna,0.000042
clair,0.000042
deidre,0.000042
dorothea,0.000042
mauricio,0.000042
pressley,0.000042
denny,0.000042
corrine,0.000042
lamarr,0.000042
emilio,0.000042
saul,0.000042
marsh,0.000042
lawanda,0.000042
felecia,0.000042
ciera,0.000042
cooke,0.000042
lashaun,0.000042
maritza,0.000042
evangeline,0.000042
lizbeth,0.000042
mcrae,0.000042
kiera,0.000042
taryn,0.000042
wynn,0.000042
tobias,0.000042
lassiter,0.000041
noemi,0.000041
hernandez,0.000041
gillian,0.000041
chante,0.000041
necole,0.000041
ron,0.000041
emilie,0.000041
margo,0.000041
shepherd,0.000041
hollie,0.000041
alanna,0.000041
storm,0.000041
ledford,0.000041
lauryn,0.000041
elvin,0.000041
rocky,0.000041
lafayette,0.000041
rowe,0.000041
ibrahim,0.000041
bobbi,0.000041
bert,0.000041
jameson,0.000041
yasmin,0.000041
althea,0.000041
perez,0.000041
bentley,0.000041
keller,0.000041
michell,0.000041
aurora,0.000040
maribel,0.000040
cathryn,0.000040
santos,0.000040
carver,0.000040
larissa,0.000040
leighann,0.000040
esteban,0.000040
mac,0.000040
lowery,0.000040
jerrod,0.000040
fabian,0.000040
winslow,0.000040
salvador,0.000040
edwina,0.000040
fulton,0.000040
blanton,0.000040
dail,0.000040
beasley,0.000040
mckay,0.000040
hensley,0.000040
frederic,0.000040
blackwell,0.000040
sanchez,0.000040
bria,0.000040
leila,0.000040
tamera,0.000040
luann,0.000040
ned,0.000040
delbert,0.000040
kenyatta,0.000040
nan,0.000040
raheem,0.000040
brayden,0.000040
sharee,0.000040
quintin,0.000040
devan,0.000039
jerri,0.000039
darrel,0.000039
goodwin,0.000039
derick,0.000039
cecile,0.000039
mcdowell,0.000039
odessa,0.000039
wiggins,0.000039
shania,0.000039
gibbs,0.000039
britton,0.000039
zachariah,0.000039
breanne,0.000039
mcneil,0.000039
louisa,0.000039
elaina,0.000039
powers,0.000039
phoebe,0.000039
morrow,0.000039
lakesha,0.000039
denton,0.000039
abel,0.000039
abbey,0.000039
branch,0.000039
mayra,0.000039
snyder,0.000039
irwin,0.000039
camryn,0.000039
jami,0.000039
renay,0.000039
denard,0.000039
lorna,0.000039
jonas,0.000039
mann,0.000039
wagner,0.000039
woody,0.000038
janee,0.000038
layton,0.000038
jayla,0.000038
pattie,0.000038
livingston,0.000038
keegan,0.000038
yasmine,0.000038
hoyt,0.000038
deangelo,0.000038
waddell,0.000038
nixon,0.000038
jakob,0.000038
barnett,0.000038
toney,0.000038
issac,0.000038
elmore,0.000038
minh,0.000038
creech,0.000038
cullen,0.000038
tyra,0.000038
tillman,0.000038
rudy,0.000038
ellison,0.000038
devone,0.000038
stallings,0.000038
renita,0.000038
avis,0.000038
forest,0.000038
bowers,0.000038
giles,0.000037
ayana,0.000037
godfrey,0.000037
snow,0.000037
georgette,0.000037
nmn,0.000037
jerrell,0.000037
olin,0.000037
shonta,0.000037
jayson,0.000037
mercer,0.000037
chantal,0.000037
zion,0.000037
danelle,0.000037
shanell,0.000037
alford,0.000037
levern,0.000037
tevin,0.000037
reddy,0.000037
hedrick,0.000037
terese,0.000037
willa,0.000037
deneen,0.000037
iman,0.000037
harding,0.000037
norton,0.000037
artis,0.000037
starnes,0.000037
dupree,0.000037
moriah,0.000037
elvis,0.000037
delaine,0.000037
juana,0.000037
frye,0.000037
marquez,0.000037
laney,0.000037
cheyanne,0.000037
flowers,0.000037
opal,0.000037
mabe,0.000036
shameka,0.000036
antwon,0.000036
lemont,0.000036
jacques,0.000036
jamil,0.000036
carnell,0.000036
columbus,0.000036
elsa,0.000036
deal,0.000036
channing,0.000036
bullard,0.000036
tyrese,0.000036
glover,0.000036
rayne,0.000036
tyron,0.000036
brenton,0.000036
dara,0.000036
arden,0.000036
lela,0.000036
covington,0.000036
myrna,0.000036
mcleod,0.000036
jr,0.000036
nicolette,0.000036
kemp,0.000036
jovan,0.000036
langley,0.000036
macon,0.000036
rich,0.000036
medlin,0.000036
eldridge,0.000036
davenport,0.000036
english,0.000036
eldon,0.000036
pruitt,0.000036
holder,0.000036
rhyne,0.000036
flynn,0.000036
tremaine,0.000036
jarrell,0.000035
harriett,0.000035
montez,0.000035
iesha,0.000035
ismael,0.000035
demarcus,0.000035
estella,0.000035
lyndon,0.000035
katelynn,0.000035
mai,0.000035
ken,0.000035
devonne,0.000035
braswell,0.000035
ivory,0.000035
shantell,0.000035
maura,0.000035
leander,0.000035
ezra,0.000035
nicholson,0.000035
asher,0.000035
kaur,0.000035
denzel,0.000035
atkinson,0.000035
keaton,0.000035
lemar,0.000035
jeri,0.000035
alina,0.000035
darwin,0.000035
branden,0.000035
ritchie,0.000035
deane,0.000035
harlan,0.000035
valentine,0.000035
valencia,0.000035
germaine,0.000035
selina,0.000035
rosario,0.000035
bryanna,0.000035
nettie,0.000035
felton,0.000035
mathis,0.000035
essence,0.000035
kendal,0.000035
arrington,0.000035
mitchel,0.000035
tamia,0.000035
mavis,0.000034
eller,0.000034
rodger,0.000034
richelle,0.000034
rowland,0.000034
hinton,0.000034
ball,0.000034
danyelle,0.000034
obrien,0.000034
susana,0.000034
shakira,0.000034
emilia,0.000034
mcmillan,0.000034
gaston,0.000034
blythe,0.000034
montana,0.000034
robbin,0.000034
darcy,0.000034
mikel,0.000034
leilani,0.000034
lina,0.000034
phelps,0.000034
akeem,0.000034
rory,0.000034
london,0.000034
anissa,0.000034
eason,0.000034
zhane,0.000034
sheridan,0.000034
gonzalez,0.000034
destinee,0.000034
buddy,0.000034
kris,0.000034
ines,0.000034
sellers,0.000034
cyrus,0.000034
janna,0.000034
amaya,0.000034
battle,0.000034
talia,0.000034
humberto,0.000033
brandie,0.000033
parsons,0.000033
cunningham,0.000033
noble,0.000033
key,0.000033
layla,0.000033
fernanda,0.000033
blackburn,0.000033
elvira,0.000033
esperanza,0.000033
ester,0.000033
ulysses,0.000033
rosie,0.000033
amani,0.000033
joi,0.000033
shamar,0.000033
emilee,0.000033
goins,0.000033
ayers,0.000033
hoover,0.000033
truman,0.000033
hobbs,0.000033
cheek,0.000033
coleen,0.000033
sims,0.000033
stroud,0.000033
jevon,0.000033
rouse,0.000033
sarai,0.000033
ellie,0.000033
alfreda,0.000033
stanford,0.000033
krystle,0.000033
meaghan,0.000033
wendi,0.000033
sykes,0.000033
burris,0.000033
terrill,0.000033
alene,0.000033
randell,0.000033
meadows,0.000033
gerry,0.000032
theron,0.000032
ina,0.000032
potter,0.000032
beau,0.000032
deonte,0.000032
alesia,0.000032
galen,0.000032
rolando,0.000032
richards,0.000032
valentina,0.000032
maranda,0.000032
magdalene,0.000032
spivey,0.000032
wynne,0.000032
conor,0.000032
zackery,0.000032
pernell,0.000032
ree,0.000032
proctor,0.000032
marley,0.000032
evonne,0.000032
lyndsey,0.000032
shaniqua,0.000032
kailey,0.000032
capps,0.000032
titus,0.000032
carley,0.000032
renard,0.000032
nevaeh,0.000032
cummings,0.000032
tiffani,0.000032
erma,0.000032
basil,0.000032
briggs,0.000032
worley,0.000032
buck,0.000032
lottie,0.000032
elissa,0.000032
lenard,0.000032
major,0.000032
finley,0.000032
sherrod,0.000032
rhiannon,0.000032
carrington,0.000032
kiser,0.000032
marcy,0.000032
griffith,0.000032
ambrose,0.000032
dave,0.000032
doretha,0.000032
nguyen,0.000032
barbee,0.000032
latanya,0.000032
marcell,0.000032
leighton,0.000032
juliette,0.000032
anders,0.000032
adrianne,0.000032
valarie,0.000032
darby,0.000032
kelsie,0.000031
al,0.000031
kimberlee,0.000031
sky,0.000031
bridgett,0.000031
copeland,0.000031
nasir,0.000031
shanelle,0.000031
roslyn,0.000031
reilly,0.000031
mcclain,0.000031
kia,0.000031
kisha,0.000031
deshon,0.000031
tess,0.000031
sparks,0.000031
rasheed,0.000031
douglass,0.000031
kali,0.000031
laquan,0.000031
ophelia,0.000031
collier,0.000031
marcellus,0.000031
aron,0.000031
annmarie,0.000031
essie,0.000031
nicola,0.000031
katy,0.000031
lail,0.000031
galloway,0.000031
dequan,0.000031
brendon,0.000031
riddle,0.000031
teressa,0.000031
colon,0.000031
hodge,0.000031
jaye,0.000031
curry,0.000031
devante,0.000031
lancaster,0.000031
denae,0.000031
asa,0.000031
pete,0.000031
travon,0.000031
hoffman,0.000031
ola,0.000031
bynum,0.000031
markus,0.000031
mayo,0.000031
athena,0.000031
langston,0.000030
millicent,0.000030
wrenn,0.000030
shavonne,0.000030
terra,0.000030
karyn,0.000030
vladimir,0.000030
coble,0.000030
christiana,0.000030
breann,0.000030
garfield,0.000030
cash,0.000030
mcclure,0.000030
raynor,0.000030
domonique,0.000030
abbott,0.000030
burnett,0.000030
danita,0.000030
glenna,0.000030
autry,0.000030
radford,0.000030
hubbard,0.000030
reggie,0.000030
phil,0.000030
spence,0.000030
brant,0.000030
raleigh,0.000030
chastity,0.000030
gore,0.000030
alvis,0.000030
cross,0.000030
forbes,0.000030
tawana,0.000030
treva,0.000030
deidra,0.000030
thad,0.000030
dellinger,0.000030
maree,0.000030
barney,0.000030
hancock,0.000030
josef,0.000030
effie,0.000030
jamila,0.000030
enid,0.000030
foy,0.000030
antony,0.000030
jernigan,0.000030
rodolfo,0.000030
josefina,0.000030
richmond,0.000030
rashaun,0.000030
damion,0.000030
neill,0.000030
haven,0.000030
carrol,0.000030
wolfe,0.000030
augustine,0.000030
fern,0.000030
nichol,0.000030
tilley,0.000030
wilfred,0.000030
milan,0.000030
adkins,0.000030
beaver,0.000030
brittani,0.000029
carlisle,0.000029
sherrell,0.000029
libby,0.000029
hurley,0.000029
padgett,0.000029
lu,0.000029
moises,0.000029
noreen,0.000029
hartley,0.000029
millie,0.000029
lamb,0.000029
durwood,0.000029
humphrey,0.000029
wise,0.000029
raynard,0.000029
brigitte,0.000029
rain,0.000029
orion,0.000029
oxendine,0.000029
brinkley,0.000029
beam,0.000029
underwood,0.000029
nathalie,0.000029
barbour,0.000029
lashanda,0.000029
tyndall,0.000029
enoch,0.000029
leverne,0.000029
marcela,0.000029
greyson,0.000029
charisse,0.000029
jena,0.000029
landis,0.000029
haleigh,0.000029
rashaad,0.000029
rocio,0.000029
rodgers,0.000029
marianna,0.000029
ruffin,0.000029
freddy,0.000029
brynn,0.000029
alva,0.000029
samir,0.000029
dickerson,0.000029
garret,0.000029
adolfo,0.000029
hood,0.000029
larae,0.000029
dannie,0.000029
iva,0.000029
lucretia,0.000029
connell,0.000029
temple,0.000029
carlie,0.000029
jarod,0.000029
cherise,0.000029
orville,0.000029
dione,0.000029
lavelle,0.000029
hiram,0.000029
aida,0.000029
daniella,0.000029
dorsey,0.000029
caden,0.000029
khadijah,0.000028
shepard,0.000028
lizzie,0.000028
bumgarner,0.000028
tamra,0.000028
mccray,0.000028
ignacio,0.000028
annabelle,0.000028
malone,0.000028
liza,0.000028
brannon,0.000028
pat,0.000028
alondra,0.000028
georgina,0.000028
kerr,0.000028
shonda,0.000028
kiersten,0.000028
hong,0.000028
hardison,0.000028
ellsworth,0.000028
lesa,0.000028
branson,0.000028
allred,0.000028
armand,0.000028
chappell,0.000028
kaleigh,0.000028
le,0.000028
rush,0.000028
hammond,0.000028
vonda,0.000028
everhart,0.000028
case,0.000028
newell,0.000028
brenden,0.000028
bart,0.000028
dayton,0.000028
khalid,0.000028
asha,0.000028
coffey,0.000028
nacole,0.000028
holley,0.000028
erich,0.000028
dominque,0.000028
sumner,0.000028
piper,0.000028
krishna,0.000028
hendrix,0.000028
russ,0.000028
tamela,0.000028
matt,0.000028
obrian,0.000028
mcbride,0.000028
altagracia,0.000028
bland,0.000028
rhett,0.000028
sammie,0.000028
bright,0.000028
combs,0.000028
donta,0.000028
furr,0.000028
kaley,0.000028
conway,0.000028
wilburn,0.000028
lennon,0.000028
damaris,0.000028
ransom,0.000028
bates,0.000028
kinsey,0.000028
aniya,0.000028
kaylin,0.000028
demario,0.000028
barron,0.000028
levar,0.000028
blevins,0.000028
abbie,0.000028
marques,0.000028
ennis,0.000028
faircloth,0.000028
jaron,0.000027
brittain,0.000027
daren,0.000027
manley,0.000027
tianna,0.000027
kassandra,0.000027
gena,0.000027
efrain,0.000027
kenyon,0.000027
lyons,0.000027
katheryn,0.000027
mclamb,0.000027
armani,0.000027
bree,0.000027
marcie,0.000027
kristal,0.000027
jordon,0.000027
delphine,0.000027
pace,0.000027
browning,0.000027
denver,0.000027
breana,0.000027
wilkerson,0.000027
aldridge,0.000027
marlin,0.000027
mcguire,0.000027
gill,0.000027
ora,0.000027
bob,0.000027
justina,0.000027
susannah,0.000027
tristen,0.000027
earline,0.000027
arleen,0.000027
mullis,0.000027
gilliam,0.000027
walsh,0.000027
christal,0.000027
jae,0.000027
racquel,0.000027
anh,0.000027
maegan,0.000027
casandra,0.000027
lovell,0.000027
shanika,0.000027
caryn,0.000027
jeanie,0.000027
mcpherson,0.000027
hogan,0.000027
lang,0.000027
hilliard,0.000027
abram,0.000027
keon,0.000027
slade,0.000027
santana,0.000027
rivera,0.000027
calhoun,0.000027
mariam,0.000027
tisha,0.000027
holloway,0.000027
lidia,0.000027
monee,0.000027
shaquille,0.000027
rollins,0.000027
guthrie,0.000027
blane,0.000027
higgins,0.000027
jayme,0.000027
fiona,0.000027
gilberto,0.000027
rodrigo,0.000027
dempsey,0.000027
henson,0.000026
joaquin,0.000026
bartlett,0.000026
celestine,0.000026
presley,0.000026
tariq,0.000026
westley,0.000026
mccormick,0.000026
sun,0.000026
lavar,0.000026
vick,0.000026
ashby,0.000026
hadley,0.000026
winstead,0.000026
serenity,0.000026
gianna,0.000026
kathie,0.000026
marlena,0.000026
latham,0.000026
keely,0.000026
childers,0.000026
hamrick,0.000026
jaylin,0.000026
bond,0.000026
rea,0.000026
barefoot,0.000026
tomeka,0.000026
ansley,0.000026
sheppard,0.000026
thurston,0.000026
phuong,0.000026
rylee,0.000026
andreas,0.000026
summers,0.000026
cagle,0.000026
luanne,0.000026
alayna,0.000026
rivers,0.000026
kaila,0.000026
aline,0.000026
pridgen,0.000026
archer,0.000026
napoleon,0.000026
hooper,0.000026
staton,0.000026
carlo,0.000026
miracle,0.000026
sharonda,0.000026
kirkland,0.000026
jacklyn,0.000026
rico,0.000026
mckee,0.000026
olive,0.000026
imogene,0.000026
anya,0.000026
latosha,0.000026
tripp,0.000026
latonia,0.000026
arnette,0.000026
raeford,0.000026
shayna,0.000026
reyes,0.000026
small,0.000026
allene,0.000026
brody,0.000026
malia,0.000026
rankin,0.000026
rusty,0.000026
mcintyre,0.000026
antonette,0.000026
nannie,0.000025
inman,0.000025
waylon,0.000025
shonte,0.000025
currie,0.000025
hakeem,0.000025
raine,0.000025
deron,0.000025
terell,0.000025
peele,0.000025
tawanda,0.000025
odom,0.000025
jarred,0.000025
eboni,0.000025
bray,0.000025
maness,0.000025
brielle,0.000025
kourtney,0.000025
faulkner,0.000025
dayna,0.000025
monay,0.000025
grier,0.000025
pearlie,0.000025
bette,0.000025
shanda,0.000025
bost,0.000025
dinah,0.000025
shanee,0.000025
chiquita,0.000025
dolly,0.000025
freida,0.000025
juwan,0.000025
dickens,0.000025
adelaide,0.000025
lashelle,0.000025
margot,0.000025
thuy,0.000025
jalisa,0.000025
gunter,0.000025
kurtis,0.000025
wilkinson,0.000025
chantelle,0.000025
augusto,0.000025
rayford,0.000025
nikolas,0.000025
lisette,0.000025
booth,0.000025
catrina,0.000025
riggs,0.000025
collette,0.000025
tuttle,0.000025
katrice,0.000025
rayshawn,0.000025
jeane,0.000025
gaither,0.000025
kylee,0.000025
hyatt,0.000025
haylee,0.000025
omari,0.000025
lavonda,0.000025
rayvon,0.000025
andra,0.000025
catharine,0.000025
wagoner,0.000025
rocco,0.000025
cochran,0.000025
weeks,0.000025
meyer,0.000025
flores,0.000025
renata,0.000025
blalock,0.000025
retha,0.000025
ayden,0.000025
mikaela,0.000025
bolick,0.000025
cristal,0.000025
lorenza,0.000025
demetrice,0.000025
jess,0.000025
adeline,0.000025
prescott,0.000025
lolita,0.000025
maude,0.000025
whaley,0.000025
alena,0.000025
patience,0.000025
leeanne,0.000025
kae,0.000024
catalina,0.000024
caudle,0.000024
marcelle,0.000024
lukas,0.000024
wilder,0.000024
hoang,0.000024
lakeshia,0.000024
jensen,0.000024
paulina,0.000024
darien,0.000024
benfield,0.000024
torres,0.000024
short,0.000024
ashlynn,0.000024
setzer,0.000024
nicolle,0.000024
shaquan,0.000024
russel,0.000024
shaina,0.000024
gilmore,0.000024
glynn,0.000024
jerel,0.000024
antione,0.000024
callahan,0.000024
agustin,0.000024
elnora,0.000024
alane,0.000024
neely,0.000024
marietta,0.000024
loy,0.000024
lilian,0.000024
lunsford,0.000024
shamika,0.000024
letha,0.000024
li,0.000024
alycia,0.000024
heaven,0.000024
french,0.000024
selma,0.000024
machelle,0.000024
monty,0.000024
alysia,0.000024
alonza,0.000024
sharlene,0.000024
newsome,0.000024
lanny,0.000024
adell,0.000024
roxana,0.000024
vicente,0.000024
marquette,0.000024
kathrine,0.000024
deena,0.000024
bettina,0.000024
hutchins,0.000024
lydell,0.000024
benedict,0.000024
estela,0.000024
durant,0.000024
monea,0.000024
killian,0.000024
pansy,0.000024
suzanna,0.000024
daron,0.000024
delmar,0.000024
danyell,0.000024
pratt,0.000024
chanelle,0.000024
mclaughlin,0.000024
kassidy,0.000024
kimball,0.000024
levette,0.000024
macie,0.000024
matilda,0.000024
carmela,0.000024
nathanial,0.000024
junius,0.000024
dian,0.000023
tammi,0.000023
siobhan,0.000023
suggs,0.000023
kesha,0.000023
garris,0.000023
dusty,0.000023
noe,0.000023
reaves,0.000023
shook,0.000023
delilah,0.000023
eddy,0.000023
lia,0.000023
laron,0.000023
anika,0.000023
lenwood,0.000023
consuelo,0.000023
burch,0.000023
lamm,0.000023
francisca,0.000023
kenton,0.000023
hardee,0.000023
chauncey,0.000023
lisbeth,0.000023
deese,0.000023
swain,0.000023
lyman,0.000023
jerod,0.000023
lovette,0.000023
darrick,0.000023
finch,0.000023
simeon,0.000023
taft,0.000023
laws,0.000023
ellington,0.000023
karol,0.000023
karon,0.000023
huntley,0.000023
carina,0.000023
bowden,0.000023
irina,0.000023
tyshawn,0.000023
tayler,0.000023
silver,0.000023
crews,0.000023
grimes,0.000023
lessie,0.000023
derrell,0.000023
skinner,0.000023
aloysius,0.000023
sexton,0.000023
boykin,0.000023
buckner,0.000023
axel,0.000023
rebeca,0.000023
justus,0.000023
annetta,0.000023
bunn,0.000023
lynell,0.000023
elmo,0.000023
woolard,0.000023
elva,0.000023
kenan,0.000023
ramirez,0.000023
shields,0.000023
stephany,0.000023
gaines,0.000023
kaylyn,0.000023
bess,0.000023
sampson,0.000023
house,0.000023
maryanne,0.000023
edgardo,0.000023
cayla,0.000023
arlen,0.000023
tosha,0.000023
michal,0.000023
nannette,0.000022
larkin,0.000022
cherelle,0.000022
shanita,0.000022
bettye,0.000022
kacey,0.000022
alvaro,0.000022
louie,0.000022
mckayla,0.000022
kala,0.000022
cranford,0.000022
mariel,0.000022
janeen,0.000022
anitra,0.000022
lashell,0.000022
mariela,0.000022
alfonzo,0.000022
shore,0.000022
cori,0.000022
ramesh,0.000022
kody,0.000022
keshawn,0.000022
crisp,0.000022
winter,0.000022
lamon,0.000022
vernice,0.000022
hatley,0.000022
graciela,0.000022
wilfredo,0.000022
triplett,0.000022
laila,0.000022
lackey,0.000022
jenae,0.000022
nikia,0.000022
baucom,0.000022
kamal,0.000022
marlowe,0.000022
tyquan,0.000022
suzan,0.000022
claudine,0.000022
kaden,0.000022
abernathy,0.000022
talley,0.000022
yadira,0.000022
stancil,0.000022
arron,0.000022
crowder,0.000022
ashlie,0.000022
johnna,0.000022
raekwon,0.000022
stamey,0.000022
burleson,0.000022
mangum,0.000022
nyasia,0.000022
parris,0.000022
karissa,0.000022
roseann,0.000022
gates,0.000022
llewellyn,0.000022
caprice,0.000022
jenee,0.000022
sanjay,0.000022
abdullah,0.000022
eliana,0.000022
nita,0.000022
spruill,0.000022
angus,0.000022
reavis,0.000022
almond,0.000022
moser,0.000022
lindy,0.000022
makenna,0.000022
wylie,0.000022
o'neil,0.000022
childress,0.000022
antwain,0.000022
thorne,0.000022
chelsie,0.000022
park,0.000022
kacie,0.000022
kincaid,0.000022
kearney,0.000022
leach,0.000022
renee',0.000022
melodie,0.000022
mustafa,0.000022
dejuan,0.000022
parnell,0.000022
kwame,0.000022
garth,0.000022
jeffry,0.000022
byers,0.000021
cowan,0.000021
jamey,0.000021
madalyn,0.000021
julissa,0.000021
merry,0.000021
glenwood,0.000021
felice,0.000021
pugh,0.000021
estes,0.000021
lake,0.000021
marva,0.000021
buford,0.000021
andria,0.000021
dona,0.000021
rosanne,0.000021
leola,0.000021
celine,0.000021
winnie,0.000021
yancey,0.000021
racheal,0.000021
tyesha,0.000021
singleton,0.000021
german,0.000021
errol,0.000021
mobley,0.000021
liana,0.000021
mina,0.000021
cordelia,0.000021
rashon,0.000021
mcnair,0.000021
jannie,0.000021
early,0.000021
tawanna,0.000021
elayne,0.000021
burt,0.000021
sherron,0.000021
desean,0.000021
kiley,0.000021
council,0.000021
anson,0.000021
winford,0.000021
eaton,0.000021
ainsley,0.000021
gus,0.000021
lissette,0.000021
speight,0.000021
samara,0.000021
dashaun,0.000021
clementine,0.000021
overton,0.000021
bella,0.000021
dario,0.000021
lelia,0.000021
devaughn,0.000021
markel,0.000021
eliot,0.000021
cale,0.000021
tonja,0.000021
katelin,0.000021
lei,0.000021
leonel,0.000021
xiomara,0.000021
diaz,0.000021
yong,0.000021
aniyah,0.000021
blount,0.000021
blaire,0.000021
denee,0.000021
jenelle,0.000021
mckoy,0.000021
curt,0.000021
korey,0.000021
micaela,0.000021
compton,0.000021
bartholomew,0.000021
tanika,0.000021
lizeth,0.000021
farrah,0.000021
fallon,0.000021
rhoda,0.000021
sincere,0.000021
rosanna,0.000021
chanda,0.000021
wilhelm,0.000021
dunlap,0.000021
staley,0.000021
caren,0.000021
booker,0.000021
darden,0.000021
lyon,0.000021
baird,0.000021
daniele,0.000021
dontae,0.000021
boris,0.000021
gilda,0.000021
beal,0.000021
ivonne,0.000021
kirstin,0.000021
gillespie,0.000021
dyan,0.000021
mahmoud,0.000021
cates,0.000020
willette,0.000020
malika,0.000020
kyler,0.000020
ila,0.000020
keshia,0.000020
roxanna,0.000020
kaitlynn,0.000020
beverley,0.000020
denese,0.000020
ladawn,0.000020
alesha,0.000020
laquita,0.000020
lindley,0.000020
orr,0.000020
jin,0.000020
starling,0.000020
hatcher,0.000020
durand,0.000020
sherell,0.000020
deaton,0.000020
louann,0.000020
pritchard,0.000020
pilar,0.000020
dodson,0.000020
cyril,0.000020
cari,0.000020
hartman,0.000020
billings,0.000020
corine,0.000020
lawton,0.000020
demetris,0.000020
alonso,0.000020
nehemiah,0.000020
talbert,0.000020
beryl,0.000020
bruno,0.000020
gwynn,0.000020
tart,0.000020
calloway,0.000020
ryann,0.000020
zaria,0.000020
jaleel,0.000020
blackmon,0.000020
kory,0.000020
celina,0.000020
ledbetter,0.000020
liz,0.000020
tyrek,0.000020
shawnta,0.000020
roxie,0.000020
ed,0.000020
octavius,0.000020
capri,0.000020
dirk,0.000020
dollie,0.000020
crump,0.000020
vestal,0.000020
baron,0.000020
liane,0.000020
alia,0.000020
tiera,0.000020
moran,0.000020
furman,0.000020
langdon,0.000020
gaynell,0.000020
fabiola,0.000020
shuford,0.000020
nelda,0.000020
araceli,0.000020
burrell,0.000020
vijay,0.000020
mclaurin,0.000020
hobson,0.000020
amit,0.000020
tera,0.000020
shantae,0.000020
charlton,0.000020
tory,0.000020
lorin,0.000020
maia,0.000020
barr,0.000020
elma,0.000020
emile,0.000020
carlson,0.000020
romeo,0.000020
alease,0.000020
kirkman,0.000020
ragan,0.000020
hairston,0.000020
kendell,0.000020
marlo,0.000020
lavone,0.000020
liles,0.000020
linnea,0.000020
mahogany,0.000020
aja,0.000020
cristy,0.000020
darrius,0.000020
beard,0.000020
rowena,0.000020
westbrook,0.000020
latoria,0.000020
kori,0.000020
sunshine,0.000020
burl,0.000020
middleton,0.000020
lue,0.000020
corrie,0.000020
jene,0.000020
ayesha,0.000019
kitty,0.000019
delton,0.000019
batts,0.000019
whitt,0.000019
sessoms,0.000019
camp,0.000019
kiran,0.000019
spring,0.000019
zoey,0.000019
kamryn,0.000019
farris,0.000019
barnette,0.000019
novella,0.000019
jaimie,0.000019
colt,0.000019
river,0.000019
danyel,0.000019
parham,0.000019
whitehead,0.000019
sonny,0.000019
paxton,0.000019
malissa,0.000019
rashard,0.000019
sheron,0.000019
dickson,0.000019
adolph,0.000019
haney,0.000019
nelly,0.000019
alessandra,0.000019
petra,0.000019
mcallister,0.000019
brinson,0.000019
nobles,0.000019
brandt,0.000019
elana,0.000019
catina,0.000019
lars,0.000019
jennette,0.000019
wilhelmina,0.000019
domingo,0.000019
aretha,0.000019
joye,0.000019
crosby,0.000019
jabari,0.000019
helton,0.000019
amina,0.000019
maddox,0.000019
pollard,0.000019
harden,0.000019
del,0.000019
davina,0.000019
alexandrea,0.000019
hanson,0.000019
tramaine,0.000019
bertram,0.000019
lovelace,0.000019
viviana,0.000019
lizette,0.000019
isley,0.000019
fredric,0.000019
montrel,0.000019
corina,0.000019
lucile,0.000019
champion,0.000019
moon,0.000019
wayland,0.000019
blaise,0.000019
windy,0.000019
isis,0.000019
jai,0.000019
duran,0.000019
yang,0.000019
lanee,0.000019
rajesh,0.000019
carmella,0.000019
tamar,0.000019
hargrove,0.000019
golden,0.000019
rodrick,0.000019
tyre,0.000019
pennington,0.000019
rogelio,0.000019
melina,0.000019
jeanna,0.000019
jace,0.000019
josette,0.000019
cathey,0.000019
marci,0.000019
theodora,0.000019
barnard,0.000019
tennille,0.000019
amira,0.000019
daria,0.000019
deleon,0.000019
leshawn,0.000019
johan,0.000019
quang,0.000019
dawne,0.000019
chong,0.000019
hamby,0.000019
faison,0.000019
jaqueline,0.000019
torrey,0.000019
hewitt,0.000019
leggett,0.000019
carlee,0.000019
leandra,0.000019
boyette,0.000019
annemarie,0.000019
potts,0.000019
zaire,0.000019
fawn,0.000019
purvis,0.000019
tanesha,0.000019
overcash,0.000019
latricia,0.000019
nycole,0.000019
marcelo,0.000019
ramone,0.000019
waller,0.000019
swanson,0.000019
montreal,0.000019
tiffanie,0.000018
alysha,0.000018
arnetta,0.000018
latesha,0.000018
petty,0.000018
kobe,0.000018
melva,0.000018
devona,0.000018
camila,0.000018
marybeth,0.000018
rao,0.000018
ware,0.000018
austen,0.000018
stout,0.000018
jolie,0.000018
elinor,0.000018
puckett,0.000018
oren,0.000018
pickett,0.000018
ernie,0.000018
lafaye,0.000018
snider,0.000018
dwaine,0.000018
hana,0.000018
trace,0.000018
sink,0.000018
holli,0.000018
jaiden,0.000018
shani,0.000018
reva,0.000018
reyna,0.000018
mekhi,0.000018
norbert,0.000018
lowder,0.000018
adriane,0.000018
craft,0.000018
marquel,0.000018
syed,0.000018
bernadine,0.000018
itzel,0.000018
kaylie,0.000018
jarman,0.000018
linton,0.000018
rainey,0.000018
semaj,0.000018
tan,0.000018
fonda,0.000018
rey,0.000018
alba,0.000018
shaunte,0.000018
arline,0.000018
malcom,0.000018
mcswain,0.000018
kale,0.000018
register,0.000018
lilia,0.000018
aurelia,0.000018
carmel,0.000018
kristyn,0.000018
bo,0.000018
astrid,0.000018
werner,0.000018
donny,0.000018
hastings,0.000018
hasan,0.000018
currin,0.000018
snipes,0.000018
jolly,0.000018
welborn,0.000018
jacquelin,0.000018
hull,0.000018
stowe,0.000018
jeffries,0.000018
hung,0.000018
rashida,0.000018
martez,0.000018
lanell,0.000018
uriel,0.000018
ronny,0.000018
kalyn,0.000018
comer,0.000018
lyndsay,0.000018
minerva,0.000018
lavell,0.000018
ari,0.000018
tana,0.000018
sunny,0.000018
wilford,0.000018
peggie,0.000018
henri,0.000018
byrum,0.000018
cantrell,0.000018
lenee,0.000018
rupert,0.000018
venus,0.000018
woodruff,0.000018
quoc,0.000018
gisela,0.000018
rowan,0.000018
lowry,0.000018
raj,0.000018
akira,0.000018
ortiz,0.000018
devine,0.000018
ramiro,0.000018
camron,0.000018
nola,0.000018
gaddy,0.000018
deion,0.000018
kristan,0.000018
mcqueen,0.000018
mcintosh,0.000018
omega,0.000018
giovanna,0.000018
wellington,0.000018
emani,0.000018
perla,0.000018
nona,0.000018
revonda,0.000018
ewing,0.000018
shalonda,0.000018
broderick,0.000018
janai,0.000018
alaine,0.000018
donavan,0.000018
constantine,0.000018
savage,0.000018
hayward,0.000018
shirlene,0.000018
delma,0.000018
lenae,0.000018
roach,0.000018
shaye,0.000018
medina,0.000018
adan,0.000018
dimitri,0.000018
ridge,0.000018
wardell,0.000018
ranae,0.000018
bryn,0.000018
junious,0.000018
katlin,0.000018
henley,0.000017
rashid,0.000017
dulce,0.000017
trista,0.000017
neville,0.000017
davida,0.000017
rutledge,0.000017
marlow,0.000017
rand,0.000017
kevon,0.000017
putnam,0.000017
carlotta,0.000017
osvaldo,0.000017
devi,0.000017
messer,0.000017
ishmael,0.000017
aleah,0.000017
blankenship,0.000017
seymour,0.000017
destini,0.000017
jaylon,0.000017
baylee,0.000017
judd,0.000017
spears,0.000017
reynaldo,0.000017
hansen,0.000017
torrence,0.000017
ami,0.000017
schuyler,0.000017
morales,0.000017
mcknight,0.000017
marks,0.000017
meade,0.000017
wilcox,0.000017
poe,0.000017
zeb,0.000017
granville,0.000017
lan,0.000017
garnett,0.000017
jannette,0.000017
wilkes,0.000017
deven,0.000017
khaled,0.000017
raegan,0.000017
adelle,0.000017
harrelson,0.000017
jamari,0.000017
herndon,0.000017
kenyetta,0.000017
terrel,0.000017
woodward,0.000017
olen,0.000017
holbrook,0.000017
kieran,0.000017
demont,0.000017
earnestine,0.000017
alfonza,0.000017
chantell,0.000017
nyree,0.000017
danna,0.000017
shanay,0.000017
gideon,0.000017
bush,0.000017
williford,0.000017
shaquana,0.000017
quick,0.000017
anil,0.000017
ramos,0.000017
ladd,0.000017
cheree,0.000017
berkley,0.000017
suresh,0.000017
larson,0.000017
penn,0.000017
hutchens,0.000017
hartsell,0.000017
holman,0.000017
lauri,0.000017
link,0.000017
minton,0.000017
jairo,0.000017
jessup,0.000017
darron,0.000017
carmine,0.000017
denisha,0.000017
mozelle,0.000017
desirae,0.000017
karim,0.000017
davion,0.000017
easter,0.000017
concepcion,0.000017
sherie,0.000017
harmony,0.000017
jeana,0.000017
whitman,0.000017
o'brien,0.000017
lathan,0.000017
gantt,0.000017
shyanne,0.000017
johnsie,0.000017
thea,0.000017
huff,0.000017
yasmeen,0.000017
lawing,0.000017
mclain,0.000017
pitts,0.000017
jaheim,0.000017
dottie,0.000017
coral,0.000017
dove,0.000017
eryn,0.000017
ashly,0.000017
ying,0.000017
macdonald,0.000017
duc,0.000017
wynette,0.000017
hernan,0.000017
svetlana,0.000017
dorcas,0.000017
sheets,0.000017
scarlet,0.000017
sommer,0.000017
rana,0.000017
carleen,0.000017
sharyn,0.000017
tod,0.000017
zelda,0.000017
janiya,0.000017
hendricks,0.000017
sanderson,0.000017
ashe,0.000017
thao,0.000017
tavon,0.000017
adel,0.000017
lenette,0.000017
dyer,0.000017
thomasina,0.000017
davin,0.000017
kristofer,0.000017
venkata,0.000017
deandra,0.000017
lorri,0.000017
etheridge,0.000017
batten,0.000017
self,0.000017
ruthie,0.000017
outlaw,0.000017
amalia,0.000017
walden,0.000017
felisha,0.000017
derwin,0.000017
lacie,0.000017
demonte,0.000016
atlas,0.000016
houser,0.000016
royster,0.000016
elder,0.000016
hefner,0.000016
triston,0.000016
swaim,0.000016
mateo,0.000016
eudy,0.000016
aleta,0.000016
renate,0.000016
riddick,0.000016
creed,0.000016
annika,0.000016
adria,0.000016
hawley,0.000016
thalia,0.000016
lashun,0.000016
mikal,0.000016
huggins,0.000016
marin,0.000016
edmonds,0.000016
poteat,0.000016
peters,0.000016
lizabeth,0.000016
blanchard,0.000016
uriah,0.000016
fran,0.000016
christel,0.000016
bain,0.000016
prakash,0.000016
paschal,0.000016
kornegay,0.000016
lutz,0.000016
frieda,0.000016
coty,0.000016
bronson,0.000016
barnhill,0.000016
ingle,0.000016
vito,0.000016
batchelor,0.000016
metcalf,0.000016
bunch,0.000016
brionna,0.000016
marshal,0.000016
locke,0.000016
jaleesa,0.000016
bonner,0.000016
broome,0.000016
moose,0.000016
kellen,0.000016
chyna,0.000016
goldie,0.000016
natalya,0.000016
hawks,0.000016
barlow,0.000016
kidd,0.000016
zack,0.000016
windell,0.000016
hurst,0.000016
boswell,0.000016
pegram,0.000016
goodson,0.000016
halle,0.000016
mull,0.000016
hollifield,0.000016
malloy,0.000016
rushing,0.000016
nestor,0.000016
nicky,0.000016
beach,0.000016
jayda,0.000016
sherita,0.000016
brodie,0.000016
rondell,0.000016
willow,0.000016
chavez,0.000016
tuan,0.000016
lorine,0.000016
casper,0.000016
mathias,0.000016
hager,0.000016
adolphus,0.000016
carswell,0.000016
laureen,0.000016
mikhail,0.000016
neel,0.000016
pennell,0.000016
coe,0.000016
sami,0.000016
laurin,0.000016
kandice,0.000016
ivelisse,0.000016
chanell,0.000016
hiatt,0.000016
nabil,0.000016
kianna,0.000016
adonis,0.000016
sasser,0.000016
chaz,0.000016
kaylan,0.000016
maryam,0.000016
aracely,0.000016
kerrie,0.000016
ranee,0.000016
keyona,0.000016
reina,0.000016
vernard,0.000016
shellie,0.000016
whitehurst,0.000016
bean,0.000016
keyon,0.000016
dockery,0.000016
jenell,0.000016
huneycutt,0.000016
romero,0.000016
bartley,0.000016
johnie,0.000016
sharice,0.000016
jaylan,0.000016
alexandre,0.000016
landen,0.000016
min,0.000016
divine,0.000016
maddison,0.000016
tai,0.000016
mathews,0.000016
wilmer,0.000016
ravon,0.000016
crowell,0.000016
mei,0.000016
darell,0.000016
bea,0.000016
latrese,0.000016
merlin,0.000016
toler,0.000016
zebulon,0.000016
flor,0.000016
mccollum,0.000016
propst,0.000016
dejesus,0.000016
dodd,0.000016
bethea,0.000016
said,0.000016
nickole,0.000016
iyana,0.000016
whittington,0.000016
suk,0.000016
maye,0.000016
gonzalo,0.000016
macey,0.000016
alta,0.000016
latia,0.000016
lacole,0.000016
shaniya,0.000016
gomez,0.000016
mandi,0.000016
shontae,0.000016
mcconnell,0.000016
hollar,0.000016
shena,0.000015
shantelle,0.000015
prasad,0.000015
lakshmi,0.000015
markell,0.000015
sharp,0.000015
ireland,0.000015
holloman,0.000015
linville,0.000015
alain,0.000015
wei,0.000015
sandi,0.000015
mccain,0.000015
carmichael,0.000015
tangela,0.000015
shanique,0.000015
chaney,0.000015
eubanks,0.000015
bernardo,0.000015
milo,0.000015
vilma,0.000015
ravi,0.000015
denita,0.000015
lakia,0.000015
zimmerman,0.000015
kolby,0.000015
arnell,0.000015
caron,0.000015
shearin,0.000015
mcduffie,0.000015
farley,0.000015
kingsley,0.000015
bolton,0.000015
o'brian,0.000015
pendleton,0.000015
gilmer,0.000015
candis,0.000015
crane,0.000015
immanuel,0.000015
laquisha,0.000015
sloane,0.000015
mariano,0.000015
johana,0.000015
tarsha,0.000015
marilynn,0.000015
maximilian,0.000015
priya,0.000015
gunnar,0.000015
gainey,0.000015
beatty,0.000015
ricks,0.000015
raquan,0.000015
alivia,0.000015
goforth,0.000015
hoke,0.000015
hooker,0.000015
luna,0.000015
fritz,0.000015
pinkney,0.000015
elouise,0.000015
gabriele,0.000015
leonor,0.000015
shaneka,0.000015
aycock,0.000015
octavio,0.000015
joselyn,0.000015
franklyn,0.000015
sides,0.000015
anibal,0.000015
leary,0.000015
dannielle,0.000015
futrell,0.000015
deasia,0.000015
kandace,0.000015
mcclellan,0.000015
clontz,0.000015
gregorio,0.000015
darleen,0.000015
belen,0.000015
cohen,0.000015
emmitt,0.000015
hooks,0.000015
lowman,0.000015
meeks,0.000015
cedrick,0.000015
barringer,0.000015
shade,0.000015
sabina,0.000015
karrie,0.000015
bingham,0.000015
emerald,0.000015
alethea,0.000015
yount,0.000015
hank,0.000015
wren,0.000015
amya,0.000015
barrow,0.000015
tran,0.000015
otha,0.000015
elroy,0.000015
goode,0.000015
chen,0.000015
worthington,0.000015
edsel,0.000015
selene,0.000015
daye,0.000015
kentrell,0.000015
sadler,0.000015
sherelle,0.000015
raina,0.000015
katarina,0.000015
amaris,0.000015
ryder,0.000015
tenisha,0.000015
sharell,0.000015
shanise,0.000015
gurley,0.000015
devonta,0.000015
mciver,0.000015
mckinnon,0.000015
daniell,0.000015
hickman,0.000015
gaskins,0.000015
devyn,0.000015
dene,0.000015
dalia,0.000015
clements,0.000015
belton,0.000015
humphries,0.000015
keosha,0.000015
tylor,0.000015
agatha,0.000015
dawkins,0.000015
corinna,0.000015
dangelo,0.000015
kip,0.000015
shon,0.000015
vickey,0.000015
jenise,0.000015
shaunta,0.000015
loftin,0.000015
levy,0.000015
roxann,0.000015
lyndell,0.000015
hutchinson,0.000015
jung,0.000015
matthias,0.000015
teena,0.000015
peeler,0.000015
whisnant,0.000015
sisk,0.000015
ezequiel,0.000015
misti,0.000015
sunil,0.000015
winters,0.000015
chi,0.000015
hui,0.000015
belk,0.000015
shanon,0.000015
sears,0.000015
markham,0.000015
bellamy,0.000015
mauney,0.000015
hyde,0.000015
mcginnis,0.000015
dorene,0.000015
leisa,0.000015
porsha,0.000015
julien,0.000015
janea,0.000015
thu,0.000015
ardell,0.000015
louella,0.000015
prentice,0.000015
barkley,0.000015
kathi,0.000015
ellyn,0.000015
bridgers,0.000015
neva,0.000015
purcell,0.000015
sabra,0.000015
costner,0.000015
dayle,0.000015
melonie,0.000015
sain,0.000015
moseley,0.000015
bradly,0.000015
mccarthy,0.000015
troutman,0.000015
valorie,0.000015
needham,0.000015
janeth,0.000015
samson,0.000015
mccullough,0.000015
plummer,0.000015
rochell,0.000015
aric,0.000015
lankford,0.000014
jules,0.000014
madonna,0.000014
chuck,0.000014
pike,0.000014
mosley,0.000014
aletha,0.000014
mansfield,0.000014
ashli,0.000014
tavares,0.000014
tomika,0.000014
mira,0.000014
presnell,0.000014
redmond,0.000014
kade,0.000014
robby,0.000014
caridad,0.000014
knowles,0.000014
federico,0.000014
lesly,0.000014
amin,0.000014
rani,0.000014
legrand,0.000014
avon,0.000014
marchelle,0.000014
teal,0.000014
roby,0.000014
elia,0.000014
hopper,0.000014
milford,0.000014
anahi,0.000014
suzann,0.000014
asbury,0.000014
dashon,0.000014
zechariah,0.000014
kenisha,0.000014
montel,0.000014
thorpe,0.000014
lucius,0.000014
bliss,0.000014
lambeth,0.000014
ashok,0.000014
easton,0.000014
rohan,0.000014
ivana,0.000014
tipton,0.000014
virgie,0.000014
kenzie,0.000014
dow,0.000014
yamileth,0.000014
foust,0.000014
lynae,0.000014
rahul,0.000014
caudill,0.000014
efird,0.000014
mcfarland,0.000014
southerland,0.000014
gayla,0.000014
keyonna,0.000014
shawanda,0.000014
blakely,0.000014
shanel,0.000014
mullins,0.000014
canipe,0.000014
georgianna,0.000014
phoenix,0.000014
fae,0.000014
crocker,0.000014
breonna,0.000014
gia,0.000014
ammons,0.000014
stiles,0.000014
mimi,0.000014
briann,0.000014
shaniece,0.000014
holton,0.000014
curtiss,0.000014
keyana,0.000014
cherish,0.000014
pam,0.000014
maryellen,0.000014
peacock,0.000014
bostic,0.000014
yu,0.000014
lenise,0.000014
mcmahan,0.000014
abernethy,0.000014
valentin,0.000014
tiarra,0.000014
dayne,0.000014
cope,0.000014
lon,0.000014
laraine,0.000014
charleen,0.000014
maricela,0.000014
pasquale,0.000014
nicol,0.000014
duval,0.000014
kearns,0.000014
decker,0.000014
berenice,0.000014
cletus,0.000014
creighton,0.000014
maynor,0.000014
huu,0.000014
sherika,0.000014
hanes,0.000014
sergey,0.000014
worrell,0.000014
dwane,0.000014
mendoza,0.000014
summerlin,0.000014
alley,0.000014
leighanne,0.000014
lajuan,0.000014
ashely,0.000014
yarbrough,0.000014
lexus,0.000014
salem,0.000014
adela,0.000014
upchurch,0.000014
rigoberto,0.000014
johannes,0.000014
poplin,0.000014
walls,0.000014
fernandez,0.000014
kinley,0.000014
willoughby,0.000014
candi,0.000014
land,0.000014
deniece,0.000014
lyric,0.000014
chesley,0.000014
aundrea,0.000014
lineberger,0.000014
cristine,0.000014
armond,0.000014
najee,0.000014
mabry,0.000014
naylor,0.000014
socorro,0.000014
tobin,0.000014
lanise,0.000014
high,0.000014
leamon,0.000014
snead,0.000014
deans,0.000014
minor,0.000014
dorinda,0.000014
jammie,0.000014
charley,0.000014
lucian,0.000014
ryland,0.000014
ally,0.000014
tiesha,0.000014
jalyn,0.000014
raines,0.000014
ritter,0.000014
demarco,0.000014
jacinta,0.000014
singletary,0.000014
elle,0.000014
anwar,0.000014
charise,0.000014
hewett,0.000014
leif,0.000014
yevette,0.000014
danica,0.000014
dinh,0.000014
sanaa,0.000014
valentino,0.000014
hyman,0.000014
francesco,0.000014
kimber,0.000014
tena,0.000014
lorne,0.000014
dionna,0.000014
karly,0.000014
abner,0.000014
rivenbark,0.000014
dolan,0.000014
jamon,0.000014
yow,0.000014
saleh,0.000014
quiana,0.000014
kaela,0.000014
mohamad,0.000014
venita,0.000014
phifer,0.000014
cliff,0.000014
daughtry,0.000014
toya,0.000014
gisselle,0.000014
carleton,0.000014
anais,0.000014
fidel,0.000014
kayley,0.000014
joanie,0.000014
causey,0.000014
lamond,0.000014
keyshawn,0.000014
wicker,0.000014
regis,0.000014
noell,0.000014
lentz,0.000014
mcneely,0.000014
wilkie,0.000014
devane,0.000014
lyne,0.000014
florine,0.000014
halie,0.000014
hobert,0.000014
garrick,0.000014
tew,0.000014
pearline,0.000014
doss,0.000014
woodson,0.000014
chan,0.000014
alvarez,0.000014
madge,0.000014
rosita,0.000014
leone,0.000014
vladimirovna,0.000014
sharif,0.000014
sarita,0.000014
amara,0.000014
sizemore,0.000014
darion,0.000014
sprinkle,0.000014
hollingsworth,0.000014
wolf,0.000014
braeden,0.000014
linden,0.000014
dasia,0.000014
china,0.000014
canady,0.000013
xuan,0.000013
painter,0.000013
waverly,0.000013
shaver,0.000013
yarborough,0.000013
jamia,0.000013
isenhour,0.000013
tonda,0.000013
farah,0.000013
albright,0.000013
mace,0.000013
peace,0.000013
tedder,0.000013
carlin,0.000013
lineberry,0.000013
story,0.000013
overman,0.000013
rylan,0.000013
demetric,0.000013
niles,0.000013
blain,0.000013
sneed,0.000013
donavon,0.000013
aldo,0.000013
rayna,0.000013
nevin,0.000013
decarlo,0.000013
downing,0.000013
trena,0.000013
arrowood,0.000013
leron,0.000013
boston,0.000013
driver,0.000013
pandora,0.000013
zelma,0.000013
nyla,0.000013
hales,0.000013
bernie,0.000013
niki,0.000013
keira,0.000013
ferdinand,0.000013
alphonzo,0.000013
askew,0.000013
howe,0.000013
wingate,0.000013
rachell,0.000013
shakia,0.000013
felicity,0.000013
anand,0.000013
montague,0.000013
katerina,0.000013
kirkpatrick,0.000013
iona,0.000013
nakisha,0.000013
an,0.000013
womack,0.000013
kahlil,0.000013
hamlin,0.000013
walston,0.000013
thomason,0.000013
roseanne,0.000013
manuela,0.000013
mercy,0.000013
latrece,0.000013
helga,0.000013
jadyn,0.000013
anjanette,0.000013
lorelei,0.000013
dew,0.000013
blackwelder,0.000013
camilo,0.000013
brackett,0.000013
caryl,0.000013
laray,0.000013
kecia,0.000013
jameel,0.000013
deonna,0.000013
delana,0.000013
rolanda,0.000013
moye,0.000013
drum,0.000013
vern,0.000013
louvenia,0.000013
cecily,0.000013
slate,0.000013
daisha,0.000013
laken,0.000013
kinney,0.000013
gillis,0.000013
nayeli,0.000013
lashone,0.000013
hussey,0.000013
chang,0.000013
moira,0.000013
vince,0.000013
dayana,0.000013
myrick,0.000013
johann,0.000013
craver,0.000013
fraser,0.000013
pardue,0.000013
bryana,0.000013
winn,0.000013
andrey,0.000013
odette,0.000013
jaxon,0.000013
sauls,0.000013
arlie,0.000013
winona,0.000013
huong,0.000013
bailee,0.000013
ratliff,0.000013
shanette,0.000013
martine,0.000013
adrien,0.000013
oneill,0.000013
dowd,0.000013
leatrice,0.000013
kelby,0.000013
dedra,0.000013
briley,0.000013
desire,0.000013
nate,0.000013
medford,0.000013
katia,0.000013
tyreek,0.000013
romaine,0.000013
foley,0.000013
jaquez,0.000013
harriette,0.000013
demetra,0.000013
catrice,0.000013
talisha,0.000013
iyanna,0.000013
anneliese,0.000013
kelsi,0.000013
cotton,0.000013
garren,0.000013
waldo,0.000013
sheffield,0.000013
tre,0.000013
pender,0.000013
kennon,0.000013
barfield,0.000013
turnage,0.000013
pennie,0.000013
calvert,0.000013
ottis,0.000013
ileana,0.000013
adcock,0.000013
kailee,0.000013
veda,0.000013
shyann,0.000013
kaci,0.000013
laurice,0.000013
edge,0.000013
stinson,0.000013
franco,0.000013
kailyn,0.000013
aria,0.000013
demar,0.000013
kyndall,0.000013
aiken,0.000013
jermain,0.000013
abbigail,0.000013
yan,0.000013
loree,0.000013
newkirk,0.000013
varner,0.000013
trang,0.000013
sharmaine,0.000013
margery,0.000013
daphine,0.000013
philippe,0.000013
shaquita,0.000013
zakiya,0.000013
bradsher,0.000013
linh,0.000013
stacia,0.000013
keona,0.000013
samira,0.000013
adina,0.000013
celena,0.000013
richie,0.000013
fenton,0.000013
latavia,0.000013
brittni,0.000013
niya,0.000013
maire,0.000013
mcmanus,0.000013
phipps,0.000013
trivette,0.000013
olson,0.000013
dereck,0.000013
dotson,0.000013
courtland,0.000013
joycelyn,0.000013
estrella,0.000013
trexler,0.000013
velvet,0.000013
herschel,0.000013
huston,0.000013
laird,0.000013
leta,0.000013
holliday,0.000013
ayla,0.000013
lashan,0.000013
bertie,0.000013
anaya,0.000013
dandre,0.000013
hassell,0.000013
kassie,0.000013
funderburk,0.000013
cristin,0.000013
tristin,0.000013
hosea,0.000013
darcel,0.000013
shontel,0.000013
ajay,0.000013
rudd,0.000013
swinson,0.000013
ram,0.000013
destiney,0.000013
donaldson,0.000013
heriberto,0.000013
charla,0.000013
hoa,0.000013
janene,0.000013
america,0.000013
aden,0.000013
jovon,0.000013
shanequa,0.000013
carmelo,0.000013
roper,0.000013
deonta,0.000013
rakeem,0.000013
javan,0.000013
gurney,0.000013
coker,0.000013
kenna,0.000013
mahesh,0.000013
southern,0.000013
zena,0.000013
swindell,0.000013
quinten,0.000013
glass,0.000013
mccauley,0.000013
isabell,0.000013
gamble,0.000013
hedgepeth,0.000013
britany,0.000013
davonte,0.000013
imelda,0.000013
marlee,0.000013
linsey,0.000013
theo,0.000013
gareth,0.000012
aleshia,0.000012
street,0.000012
starla,0.000012
joesph,0.000012
jaelyn,0.000012
yazmin,0.000012
lexie,0.000012
concetta,0.000012
dowell,0.000012
duffy,0.000012
thayer,0.000012
harwood,0.000012
breon,0.000012
dwan,0.000012
murdock,0.000012
yelena,0.000012
joana,0.000012
kaya,0.000012
zina,0.000012
tremain,0.000012
flossie,0.000012
yi,0.000012
marlyn,0.000012
shan,0.000012
claiborne,0.000012
mccurry,0.000012
dover,0.000012
wolfgang,0.000012
jonnie,0.000012
towanda,0.000012
leshay,0.000012
hailee,0.000012
mcgill,0.000012
schmidt,0.000012
surratt,0.000012
odis,0.000012
leigha,0.000012
hussein,0.000012
ames,0.000012
barnhardt,0.000012
tam,0.000012
alysa,0.000012
josey,0.000012
ernst,0.000012
laquanda,0.000012
leia,0.000012
tyrus,0.000012
keener,0.000012
shenita,0.000012
bateman,0.000012
tolbert,0.000012
holcomb,0.000012
javonte,0.000012
alysse,0.000012
leshea,0.000012
yusuf,0.000012
demon,0.000012
crouse,0.000012
corwin,0.000012
hali,0.000012
vikki,0.000012
dillion,0.000012
erskine,0.000012
larisa,0.000012
dru,0.000012
maxie,0.000012
dobbins,0.000012
charissa,0.000012
fountain,0.000012
yuri,0.000012
merrell,0.000012
mays,0.000012
jessi,0.000012
nya,0.000012
bare,0.000012
pulliam,0.000012
bobbitt,0.000012
khadija,0.000012
ferris,0.000012
blaze,0.000012
dionte,0.000012
hays,0.000012
latrelle,0.000012
jelani,0.000012
truett,0.000012
maren,0.000012
mervin,0.000012
rubi,0.000012
lesia,0.000012
archibald,0.000012
daly,0.000012
lanning,0.000012
deshun,0.000012
remington,0.000012
aspen,0.000012
bao,0.000012
brittanie,0.000012
whitener,0.000012
krysta,0.000012
jadon,0.000012
doran,0.000012
shannan,0.000012
isai,0.000012
rayfield,0.000012
sequoia,0.000012
hai,0.000012
franks,0.000012
rhys,0.000012
mauldin,0.000012
ismail,0.000012
ryne,0.000012
teresita,0.000012
gaylord,0.000012
brea,0.000012
deloise,0.000012
tarik,0.000012
heyward,0.000012
stefani,0.000012
aleksandr,0.000012
bee,0.000012
lennie,0.000012
kyree,0.000012
peoples,0.000012
jonelle,0.000012
lynsey,0.000012
isaias,0.000012
boggs,0.000012
milena,0.000012
tyanna,0.000012
dock,0.000012
skipper,0.000012
burroughs,0.000012
savion,0.000012
yolonda,0.000012
bronwyn,0.000012
reza,0.000012
francois,0.000012
mohan,0.000012
keeley,0.000012
ulises,0.000012
karmen,0.000012
shemar,0.000012
lael,0.000012
jerrold,0.000012
kyleigh,0.000012
talton,0.000012
stan,0.000012
jessika,0.000012
shuler,0.000012
lona,0.000012
margret,0.000012
violeta,0.000012
rubin,0.000012
crouch,0.000012
randel,0.000012
hamm,0.000012
bahadur,0.000012
marice,0.000012
brigid,0.000012
sutherland,0.000012
latarsha,0.000012
davie,0.000012
karli,0.000012
chilton,0.000012
lyles,0.000012
dick,0.000012
delisa,0.000012
gerri,0.000012
hauser,0.000012
denning,0.000012
coates,0.000012
ayscue,0.000012
aliya,0.000012
nashay,0.000012
elease,0.000012
coats,0.000012
earnhardt,0.000012
maxton,0.000012
ginny,0.000012
carin,0.000012
vidal,0.000012
lettie,0.000012
annamarie,0.000012
mooney,0.000012
amon,0.000012
judi,0.000012
dyson,0.000012
rawls,0.000012
casie,0.000012
kilpatrick,0.000012
wiles,0.000012
lockhart,0.000012
juliann,0.000012
makala,0.000012
kenia,0.000012
dedrick,0.000012
anette,0.000012
shardae,0.000012
mikala,0.000012
mahlon,0.000012
lashaunda,0.000012
rian,0.000012
gold,0.000012
kramer,0.000012
jun,0.000012
demetri,0.000012
becker,0.000012
lord,0.000012
spicer,0.000012
markeith,0.000012
vester,0.000012
lexi,0.000012
melia,0.000012
landry,0.000012
bilal,0.000012
randle,0.000012
grubb,0.000012
tressa,0.000012
tyner,0.000012
ilona,0.000012
huey,0.000012
couch,0.000012
myesha,0.000012
satterfield,0.000012
cydney,0.000012
silva,0.000012
walser,0.000012
burr,0.000012
england,0.000012
ludwig,0.000012
iliana,0.000012
sai,0.000012
bonny,0.000012
coggins,0.000012
keven,0.000012
luella,0.000012
lani,0.000012
keyanna,0.000012
morse,0.000012
tasia,0.000012
kiarra,0.000012
windsor,0.000012
decarlos,0.000012
crabtree,0.000012
crotts,0.000012
arie,0.000012
withers,0.000012
annabel,0.000012
shoaf,0.000012
lanay,0.000012
donielle,0.000012
danilo,0.000012
ashlea,0.000012
womble,0.000012
indira,0.000012
tanae,0.000012
nicholle,0.000012
poindexter,0.000012
woodall,0.000012
boles,0.000012
tad,0.000012
igor,0.000012
jeanetta,0.000012
pierson,0.000012
tamatha,0.000012
niesha,0.000012
dontrell,0.000012
brower,0.000012
nedra,0.000012
rikki,0.000012
stratton,0.000012
lauretta,0.000012
dancy,0.000012
dailey,0.000012
akilah,0.000012
my,0.000012
desha,0.000012
delon,0.000012
shipman,0.000012
baxley,0.000012
macarthur,0.000012
jayde,0.000012
overby,0.000012
hammonds,0.000012
rutherford,0.000012
isidro,0.000012
emely,0.000012
apple,0.000012
patric,0.000012
weber,0.000012
luciana,0.000012
hezekiah,0.000012
selby,0.000012
cherrelle,0.000012
cutler,0.000012
read,0.000012
levone,0.000012
rodriquez,0.000012
kee,0.000012
jospeh,0.000012
mcghee,0.000012
spell,0.000012
spurgeon,0.000012
biggs,0.000012
atwood,0.000012
kelton,0.000011
myriam,0.000011
burwell,0.000011
nisha,0.000011
oates,0.000011
dunbar,0.000011
moretz,0.000011
andree,0.000011
stephenie,0.000011
faulk,0.000011
mccabe,0.000011
griselda,0.000011
koontz,0.000011
deandrea,0.000011
savanah,0.000011
marque,0.000011
lynelle,0.000011
kathryne,0.000011
tien,0.000011
son,0.000011
twyla,0.000011
rachele,0.000011
amar,0.000011
gallagher,0.000011
strong,0.000011
renaldo,0.000011
jael,0.000011
cleve,0.000011
byerly,0.000011
lanita,0.000011
amparo,0.000011
alphonse,0.000011
vinh,0.000011
takisha,0.000011
camelia,0.000011
ming,0.000011
slaughter,0.000011
lianne,0.000011
savon,0.000011
bledsoe,0.000011
epps,0.000011
elgin,0.000011
percell,0.000011
dreama,0.000011
east,0.000011
erickson,0.000011
dula,0.000011
marshburn,0.000011
denean,0.000011
brooklynn,0.000011
rylie,0.000011
duwayne,0.000011
tashawn,0.000011
tirrell,0.000011
culbreth,0.000011
nachelle,0.000011
ephraim,0.000011
gurganus,0.000011
buie,0.000011
oakes,0.000011
gaynelle,0.000011
mayes,0.000011
polk,0.000011
d'angelo,0.000011
lucien,0.000011
jorden,0.000011
han,0.000011
melvina,0.000011
oksana,0.000011
pulley,0.000011
murrell,0.000011
donita,0.000011
broughton,0.000011
jing,0.000011
kofi,0.000011
burgin,0.000011
salena,0.000011
leonora,0.000011
sherice,0.000011
ely,0.000011
swann,0.000011
meryl,0.000011
lazaro,0.000011
levan,0.000011
rosalee,0.000011
rasheen,0.000011
shaffer,0.000011
