smith,0.012104
williams,0.009158
johnson,0.008532
jones,0.008098
brown,0.006975
davis,0.006370
moore,0.004587
miller,0.004322
wilson,0.004072
taylor,0.003886
harris,0.003758
white,0.003383
thompson,0.003276
thomas,0.003246
jackson,0.003054
martin,0.002985
robinson,0.002776
lewis,0.002636
hall,0.002580
allen,0.002573
clark,0.002561
parker,0.002533
anderson,0.002504
walker,0.002486
edwards,0.002478
hill,0.002407
lee,0.002404
king,0.002396
wright,0.002184
carter,0.002173
evans,0.002039
phillips,0.001989
adams,0.001989
young,0.001926
baker,0.001919
mitchell,0.001915
scott,0.001914
campbell,0.001817
green,0.001793
richardson,0.001722
turner,0.001697
rogers,0.001668
roberts,0.001655
ward,0.001586
barnes,0.001556
cox,0.001537
collins,0.001534
morgan,0.001511
stewart,0.001496
price,0.001487
perry,0.001482
watson,0.001478
bryant,0.001458
powell,0.001429
brooks,0.001427
bailey,0.001425
morris,0.001414
cook,0.001392
long,0.001382
greene,0.001378
cooper,0.001349
griffin,0.001347
bell,0.001343
simmons,0.001326
jenkins,0.001306
murphy,0.001264
graham,0.001263
wood,0.001263
howard,0.001263
james,0.001233
nelson,0.001229
bennett,0.001218
jordan,0.001204
patterson,0.001175
hunt,0.001152
gray,0.001152
hayes,0.001152
freeman,0.001133
dixon,0.001125
locklear,0.001111
patel,0.001086
kelly,0.001079
little,0.001075
sanders,0.001074
hughes,0.001070
henderson,0.001041
owens,0.001038
foster,0.001030
hicks,0.001029
ellis,0.001011
russell,0.001011
rodriguez,0.001006
warren,0.000999
west,0.000987
wallace,0.000984
myers,0.000981
alexander,0.000972
harrison,0.000962
byrd,0.000958
matthews,0.000952
mills,0.000948
gibson,0.000947
ross,0.000947
simpson,0.000942
hunter,0.000936
tucker,0.000934
butler,0.000933
strickland,0.000924
webb,0.000918
murray,0.000905
fisher,0.000883
daniels,0.000879
cole,0.000877
ray,0.000876
kennedy,0.000875
reid,0.000858
hamilton,0.000857
coleman,0.000846
black,0.000844
boyd,0.000838
sutton,0.000834
watkins,0.000823
howell,0.000823
garcia,0.000808
carpenter,0.000803
hudson,0.000803
elliott,0.000797
reynolds,0.000796
mcdonald,0.000793
hernandez,0.000791
andrews,0.000786
shaw,0.000783
williamson,0.000782
mason,0.000779
fox,0.000775
spencer,0.000774
alston,0.000769
martinez,0.000769
peterson,0.000767
crawford,0.000767
wells,0.000759
ford,0.000754
jacobs,0.000754
marshall,0.000752
dunn,0.000751
hawkins,0.000749
willis,0.000747
lane,0.000742
sullivan,0.000740
reed,0.000738
morrison,0.000726
lynch,0.000725
knight,0.000721
gardner,0.000720
holland,0.000719
bradley,0.000719
rice,0.000719
stevens,0.000717
joyner,0.000710
duncan,0.000709
woods,0.000706
stone,0.000706
pierce,0.000702
gonzalez,0.000695
bowman,0.000693
holmes,0.000689
payne,0.000688
ferguson,0.000686
stephens,0.000686
carroll,0.000681
stanley,0.000681
nguyen,0.000681
washington,0.000678
austin,0.000673
grant,0.000673
mclean,0.000670
norris,0.000670
robertson,0.000669
pittman,0.000661
wall,0.000655
weaver,0.000655
caldwell,0.000653
rose,0.000650
gordon,0.000641
porter,0.000640
fowler,0.000640
lawrence,0.000634
burns,0.000633
chapman,0.000631
nichols,0.000626
pope,0.000618
lucas,0.000616
lopez,0.000615
garner,0.000608
hart,0.000608
helms,0.000606
mcneill,0.000602
bass,0.000601
harper,0.000600
bullock,0.000599
leonard,0.000594
boone,0.000594
armstrong,0.000590
harrell,0.000585
whitley,0.000582
fields,0.000580
ingram,0.000578
neal,0.000577
shelton,0.000576
lawson,0.000572
whitaker,0.000571
perez,0.000570
horton,0.000569
banks,0.000568
rhodes,0.000568
brewer,0.000567
mckinney,0.000566
hines,0.000566
henry,0.000566
baldwin,0.000564
carr,0.000561
gregory,0.000559
mccoy,0.000552
page,0.000551
buchanan,0.000539
wilkins,0.000531
walters,0.000528
fuller,0.000525
love,0.000523
chambers,0.000522
saunders,0.000521
holt,0.000521
watts,0.000521
berry,0.000520
terry,0.000520
franklin,0.000518
poole,0.000518
snyder,0.000518
wheeler,0.000517
farmer,0.000517
palmer,0.000515
rivera,0.000514
perkins,0.000512
horne,0.000511
parks,0.000509
britt,0.000509
frazier,0.000508
burgess,0.000507
lambert,0.000506
hardy,0.000502
pearson,0.000502
parrish,0.000501
hodges,0.000499
hopkins,0.000498
cunningham,0.000498
wiggins,0.000497
oliver,0.000495
barrett,0.000495
norman,0.000494
garrett,0.000485
best,0.000482
floyd,0.000482
burton,0.000482
lowe,0.000481
johnston,0.000476
ramsey,0.000476
fleming,0.000475
chavis,0.000475
moody,0.000473
robbins,0.000473
barber,0.000471
roberson,0.000467
bridges,0.000466
huffman,0.000463
cobb,0.000463
bowen,0.000460
lowery,0.000459
moss,0.000458
haynes,0.000457
riley,0.000457
douglas,0.000455
harvey,0.000455
mcdaniel,0.000454
beck,0.000453
manning,0.000452
sanchez,0.000449
harrington,0.000449
herring,0.000448
barker,0.000447
steele,0.000447
craig,0.000446
welch,0.000446
massey,0.000446
wade,0.000446
tate,0.000445
george,0.000445
honeycutt,0.000445
waters,0.000443
newton,0.000443
graves,0.000443
melton,0.000441
wagner,0.000437
cannon,0.000436
blackwell,0.000436
arnold,0.000436
wooten,0.000432
gibbs,0.000431
hinson,0.000429
glover,0.000428
torres,0.000428
morton,0.000427
chandler,0.000422
mccall,0.000420
bishop,0.000420
dean,0.000417
burke,0.000415
gilbert,0.000414
montgomery,0.000413
may,0.000413
daniel,0.000408
miles,0.000405
townsend,0.000405
sawyer,0.000405
sharpe,0.000404
osborne,0.000404
mcmillan,0.000403
covington,0.000402
mcgee,0.000401
dawson,0.000396
goodman,0.000396
mann,0.000393
church,0.000392
battle,0.000392
richards,0.000391
clayton,0.000390
curtis,0.000389
monroe,0.000388
nicholson,0.000388
cherry,0.000386
kelley,0.000386
woodard,0.000385
thornton,0.000385
ramirez,0.000384
day,0.000383
heath,0.000382
beasley,0.000382
ball,0.000382
ballard,0.000380
mcneil,0.000378
cummings,0.000378
jennings,0.000378
blake,0.000377
lassiter,0.000377
davidson,0.000377
oxendine,0.000376
flowers,0.000375
todd,0.000374
lloyd,0.000373
ledford,0.000373
bradshaw,0.000370
lyons,0.000367
owen,0.000367
hensley,0.000366
mcdowell,0.000365
godwin,0.000364
ryan,0.000364
atkinson,0.000363
cline,0.000363
stokes,0.000360
tyson,0.000360
cruz,0.000360
parsons,0.000359
cooke,0.000357
atkins,0.000357
hester,0.000356
marsh,0.000355
hinton,0.000354
mclaughlin,0.000354
allison,0.000353
bowers,0.000353
newman,0.000353
mckoy,0.000353
sims,0.000352
conner,0.000352
powers,0.000351
bullard,0.000350
brady,0.000349
hoffman,0.000348
goodwin,0.000348
vaughn,0.000346
walton,0.000343
kirby,0.000342
durham,0.000341
stevenson,0.000339
holloway,0.000338
branch,0.000337
peters,0.000336
stephenson,0.000336
yates,0.000335
barnett,0.000335
benton,0.000335
dalton,0.000334
sellers,0.000334
teague,0.000332
webster,0.000332
mack,0.000332
houston,0.000330
holder,0.000329
davenport,0.000329
glenn,0.000328
reeves,0.000326
shepherd,0.000326
benson,0.000326
walsh,0.000326
meadows,0.000325
adkins,0.000323
merritt,0.000323
lanier,0.000322
underwood,0.000322
wyatt,0.000322
rowe,0.000320
rouse,0.000320
gentry,0.000320
diaz,0.000320
blue,0.000319
hodge,0.000319
brock,0.000319
burnette,0.000318
harmon,0.000318
bryan,0.000315
morrow,0.000315
fletcher,0.000314
hairston,0.000313
cameron,0.000311
nance,0.000311
potter,0.000311
york,0.000311
frye,0.000311
wolfe,0.000310
galloway,0.000308
cheek,0.000307
quinn,0.000306
keller,0.000306
anthony,0.000306
pruitt,0.000306
wise,0.000305
whitfield,0.000303
vaughan,0.000303
hampton,0.000302
norton,0.000301
dennis,0.000301
logan,0.000301
stallings,0.000300
medlin,0.000299
hobbs,0.000299
mathis,0.000298
higgins,0.000298
goins,0.000298
hardin,0.000297
nixon,0.000297
cain,0.000296
pate,0.000296
phelps,0.000296
reese,0.000294
braswell,0.000294
small,0.000294
coffey,0.000293
mccormick,0.000293
pearce,0.000292
blackburn,0.000292
mcrae,0.000292
sherrill,0.000291
leach,0.000291
briggs,0.000291
carson,0.000290
schmidt,0.000290
melvin,0.000289
coley,0.000289
griffith,0.000289
joyce,0.000288
avery,0.000287
curry,0.000286
wilkerson,0.000286
creech,0.000286
greer,0.000286
cross,0.000286
dickerson,0.000285
hubbard,0.000283
ortiz,0.000283
rich,0.000283
sigmon,0.000282
morales,0.000282
mcleod,0.000282
bates,0.000282
sparks,0.000280
singleton,0.000280
rodgers,0.000279
flores,0.000279
hale,0.000279
staton,0.000278
mcintyre,0.000277
sykes,0.000277
patton,0.000277
meyer,0.000276
lamb,0.000276
short,0.000276
starnes,0.000276
pressley,0.000276
mercer,0.000275
lindsey,0.000275
kim,0.000274
patrick,0.000273
spivey,0.000273
justice,0.000273
stroud,0.000273
hood,0.000272
summers,0.000272
combs,0.000272
mabe,0.000272
gore,0.000271
gomez,0.000271
mcclain,0.000271
bethea,0.000271
riddle,0.000270
clarke,0.000270
everett,0.000268
mcclure,0.000268
arrington,0.000268
hedrick,0.000267
deal,0.000267
francis,0.000267
blevins,0.000266
gill,0.000266
sloan,0.000266
mckenzie,0.000265
carver,0.000265
mcbride,0.000263
copeland,0.000263
fitzgerald,0.000262
worley,0.000262
oakley,0.000262
lancaster,0.000261
reyes,0.000261
hargrove,0.000261
ferrell,0.000261
burris,0.000261
ivey,0.000260
humphrey,0.000260
stafford,0.000259
drake,0.000258
capps,0.000258
maxwell,0.000258
hancock,0.000258
alford,0.000257
dickens,0.000257
garrison,0.000257
blanton,0.000256
silver,0.000255
cochran,0.000255
corbett,0.000255
langley,0.000255
queen,0.000254
proctor,0.000253
tran,0.000252
grady,0.000252
faison,0.000251
mullins,0.000251
skinner,0.000251
flynn,0.000251
tilley,0.000250
grimes,0.000248
barbour,0.000248
hammond,0.000248
prince,0.000247
beaver,0.000247
pratt,0.000246
lindsay,0.000245
odom,0.000245
yang,0.000245
eller,0.000244
faulkner,0.000244
dillard,0.000243
tyler,0.000243
english,0.000243
faircloth,0.000242
hogan,0.000242
newsome,0.000242
mcpherson,0.000241
whitehead,0.000241
bumgarner,0.000240
eason,0.000239
jernigan,0.000239
keith,0.000239
mcnair,0.000238
ramos,0.000238
snow,0.000238
gillespie,0.000238
jefferson,0.000238
blount,0.000238
crowder,0.000237
bush,0.000237
artis,0.000237
casey,0.000237
byers,0.000236
bynum,0.000235
ayers,0.000235
mcguire,0.000235
childers,0.000235
paul,0.000234
gilmore,0.000234
nash,0.000234
furr,0.000233
holden,0.000233
hoover,0.000232
quick,0.000232
blackmon,0.000232
reece,0.000232
oneal,0.000232
dudley,0.000232
knox,0.000232
allred,0.000232
dunlap,0.000232
padgett,0.000231
blankenship,0.000231
gilliam,0.000231
blair,0.000231
suggs,0.000231
wilkinson,0.000230
bond,0.000230
lail,0.000230
kiser,0.000229
weeks,0.000229
spruill,0.000228
henson,0.000228
zimmerman,0.000228
raynor,0.000227
olson,0.000227
dellinger,0.000226
pridgen,0.000225
barton,0.000224
sheppard,0.000224
mangum,0.000223
shah,0.000223
laws,0.000223
house,0.000222
burnett,0.000222
waddell,0.000222
warner,0.000222
pugh,0.000222
woody,0.000221
cash,0.000221
solomon,0.000220
carlson,0.000219
tuttle,0.000219
burleson,0.000219
callahan,0.000218
pace,0.000218
hooper,0.000218
bowden,0.000218
barbee,0.000217
mclamb,0.000217
bright,0.000217
crews,0.000217
pickett,0.000217
mullis,0.000216
hoyle,0.000216
burch,0.000216
hansen,0.000216
clay,0.000215
kirk,0.000215
shields,0.000215
savage,0.000214
aldridge,0.000214
mccarthy,0.000214
roach,0.000213
godfrey,0.000213
orr,0.000212
connor,0.000212
ashley,0.000212
hamrick,0.000212
kearney,0.000212
pitts,0.000212
ellison,0.000211
forbes,0.000211
hardison,0.000211
mayo,0.000210
bellamy,0.000209
moses,0.000209
mobley,0.000209
gunter,0.000208
lunsford,0.000208
weber,0.000208
buckner,0.000207
batts,0.000207
shepard,0.000206
jarvis,0.000206
lackey,0.000206
peele,0.000206
schneider,0.000206
christian,0.000206
rivers,0.000205
obrien,0.000205
schultz,0.000205
sexton,0.000204
eaton,0.000204
fernandez,0.000204
gaddy,0.000204
mcallister,0.000203
vinson,0.000203
inman,0.000203
potts,0.000203
moser,0.000203
spence,0.000202
collier,0.000202
beard,0.000202
randolph,0.000202
bartlett,0.000202
tillman,0.000202
royal,0.000202
mosley,0.000201
holley,0.000201
deese,0.000201
alvarez,0.000201
denton,0.000201
french,0.000200
brinkley,0.000200
booth,0.000200
mccullough,0.000200
bland,0.000200
hendrix,0.000200
gaines,0.000200
crisp,0.000200
wagoner,0.000199
joseph,0.000199
mcknight,0.000199
crump,0.000198
cohen,0.000198
chappell,0.000198
winstead,0.000197
reaves,0.000197
wiley,0.000196
key,0.000196
chen,0.000196
khan,0.000195
wilder,0.000195
everhart,0.000195
boykin,0.000195
shook,0.000195
livingston,0.000194
jimenez,0.000194
michael,0.000194
autry,0.000194
hartman,0.000194
hutchins,0.000194
randall,0.000194
sherman,0.000193
conley,0.000193
tyndall,0.000193
gay,0.000193
doyle,0.000193
ruffin,0.000193
coble,0.000192
calhoun,0.000192
browning,0.000192
bentley,0.000192
thorpe,0.000192
spears,0.000192
wilcox,0.000191
riggs,0.000191
sessoms,0.000190
benfield,0.000190
barefoot,0.000190
hanson,0.000190
bruce,0.000190
lester,0.000190
caudle,0.000189
hurley,0.000189
baxter,0.000189
gallagher,0.000189
blalock,0.000189
cowan,0.000189
rollins,0.000189
carlton,0.000189
brantley,0.000188
hickman,0.000188
billings,0.000187
moran,0.000187
beam,0.000186
sharp,0.000186
singletary,0.000186
petty,0.000186
becker,0.000186
messer,0.000186
bryson,0.000186
maynard,0.000185
buck,0.000185
pollard,0.000185
swain,0.000184
vance,0.000184
hatcher,0.000184
bunn,0.000184
huff,0.000184
ervin,0.000183
sinclair,0.000183
dodson,0.000183
hooker,0.000183
abbott,0.000183
whaley,0.000183
gross,0.000182
terrell,0.000182
elmore,0.000182
lilly,0.000182
childress,0.000182
swanson,0.000182
baucom,0.000182
cagle,0.000181
vick,0.000181
rowland,0.000181
hendricks,0.000181
mccray,0.000181
wynn,0.000181
bost,0.000181
mclaurin,0.000181
guthrie,0.000181
ratliff,0.000180
rankin,0.000180
ledbetter,0.000179
mcintosh,0.000179
ruiz,0.000179
huntley,0.000179
willard,0.000179
craven,0.000179
gutierrez,0.000178
vincent,0.000178
beatty,0.000178
sampson,0.000178
le,0.000178
tatum,0.000178
marks,0.000178
tripp,0.000178
finch,0.000178
kornegay,0.000178
grier,0.000177
santiago,0.000177
waller,0.000177
maness,0.000177
stout,0.000177
castillo,0.000177
tanner,0.000176
hilliard,0.000176
woolard,0.000176
edmonds,0.000176
womack,0.000176
guy,0.000176
simon,0.000175
puckett,0.000175
hyatt,0.000174
royster,0.000174
pennington,0.000174
bolick,0.000174
schwartz,0.000174
malone,0.000174
walls,0.000173
hilton,0.000173
jeffries,0.000173
barr,0.000173
dawkins,0.000173
farrell,0.000173
hartley,0.000173
talley,0.000172
middleton,0.000172
currie,0.000172
golden,0.000172
hollifield,0.000172
radford,0.000172
castro,0.000172
goode,0.000172
romero,0.000172
mckee,0.000171
slade,0.000171
abernathy,0.000171
riddick,0.000171
bradford,0.000171
jensen,0.000171
giles,0.000171
klein,0.000170
dale,0.000170
gates,0.000170
larson,0.000170
high,0.000170
cotton,0.000169
chavez,0.000169
haney,0.000168
kerr,0.000168
ware,0.000168
meeks,0.000168
hamby,0.000167
rush,0.000167
herman,0.000167
lang,0.000166
dillon,0.000166
harding,0.000166
darden,0.000166
park,0.000166
nobles,0.000165
hopper,0.000165
lynn,0.000165
triplett,0.000165
hull,0.000165
dockery,0.000164
jarrett,0.000164
richmond,0.000164
poteat,0.000163
shore,0.000163
haywood,0.000163
norwood,0.000163
huggins,0.000163
case,0.000163
setzer,0.000163
kidd,0.000163
camp,0.000162
newkirk,0.000162
council,0.000162
garris,0.000162
wang,0.000162
chase,0.000161
outlaw,0.000161
foley,0.000161
conrad,0.000161
liles,0.000160
charles,0.000160
vernon,0.000160
hess,0.000160
dyer,0.000160
vargas,0.000160
askew,0.000159
overton,0.000159
mathews,0.000159
decker,0.000159
bunch,0.000159
yarborough,0.000159
staley,0.000159
hutchinson,0.000158
clifton,0.000158
gamble,0.000158
brandon,0.000157
mcconnell,0.000157
mccollum,0.000157
mcmanus,0.000157
lockhart,0.000157
garland,0.000156
metcalf,0.000156
benjamin,0.000156
pritchard,0.000156
shaffer,0.000156
hammonds,0.000155
stancil,0.000155
cates,0.000155
frank,0.000155
barnette,0.000155
mcqueen,0.000154
snipes,0.000154
vann,0.000154
compton,0.000154
leggett,0.000154
person,0.000154
epps,0.000154
sturdivant,0.000153
mcmillian,0.000153
travis,0.000153
duke,0.000153
hutchens,0.000153
self,0.000153
rhyne,0.000153
boyce,0.000153
calloway,0.000153
speight,0.000153
carey,0.000152
kent,0.000152
helton,0.000152
mcduffie,0.000152
burrell,0.000152
champion,0.000152
hooks,0.000151
craft,0.000151
lowry,0.000151
snider,0.000151
hatley,0.000151
strong,0.000151
vazquez,0.000151
singh,0.000150
crosby,0.000150
purvis,0.000150
witherspoon,0.000150
noble,0.000150
mcmahan,0.000149
foreman,0.000149
gainey,0.000149
valentine,0.000149
whitt,0.000149
glass,0.000149
sanderson,0.000149
medina,0.000149
vasquez,0.000148
stamey,0.000148
goodson,0.000148
brinson,0.000148
mendoza,0.000148
blanchard,0.000148
shannon,0.000148
hamm,0.000148
ritchie,0.000148
bray,0.000147
fischer,0.000147
wolf,0.000147
canady,0.000147
mccain,0.000147
parham,0.000147
tart,0.000147
dorsey,0.000146
funderburk,0.000146
ingle,0.000146
houser,0.000146
scales,0.000146
langston,0.000145
ritter,0.000145
futrell,0.000145
littlejohn,0.000145
batchelor,0.000145
fulton,0.000144
oates,0.000144
workman,0.000144
register,0.000144
peoples,0.000144
santos,0.000144
estes,0.000143
rushing,0.000143
winters,0.000143
hardee,0.000143
holloman,0.000143
kirkland,0.000143
poe,0.000143
lamm,0.000143
sizemore,0.000143
toney,0.000143
kemp,0.000143
frederick,0.000143
herndon,0.000142
mcgill,0.000142
bean,0.000142
putnam,0.000142
barrow,0.000142
polk,0.000142
beal,0.000141
newell,0.000141
eubanks,0.000141
boggs,0.000140
donaldson,0.000140
reavis,0.000140
russ,0.000140
ellington,0.000140
sumner,0.000139
hurst,0.000139
hager,0.000139
jolly,0.000139
pegram,0.000139
dupree,0.000139
hefner,0.000139
street,0.000139
hewitt,0.000139
mueller,0.000138
bolton,0.000138
stuart,0.000138
knowles,0.000138
hedgepeth,0.000138
preston,0.000138
farley,0.000138
mullen,0.000137
thorne,0.000137
broome,0.000137
wilkes,0.000137
williford,0.000137
whitehurst,0.000137
whittington,0.000137
humphries,0.000137
sweeney,0.000136
holbrook,0.000136
boswell,0.000136
conway,0.000136
sanford,0.000136
lyon,0.000136
ricks,0.000136
phipps,0.000136
silva,0.000136
huneycutt,0.000136
cantrell,0.000135
minor,0.000135
holman,0.000135
maddox,0.000135
crowe,0.000135
winston,0.000135
leak,0.000135
archer,0.000135
hollingsworth,0.000135
guzman,0.000134
stinson,0.000134
mckay,0.000134
dail,0.000134
mcswain,0.000134
hyman,0.000134
franks,0.000133
kendall,0.000133
vang,0.000133
moreno,0.000133
ennis,0.000133
lowder,0.000133
cranford,0.000133
crabtree,0.000132
shipman,0.000132
soto,0.000132
herrera,0.000132
jessup,0.000132
forrest,0.000132
kirkpatrick,0.000132
wrenn,0.000132
neely,0.000132
deaton,0.000131
beach,0.000131
overcash,0.000131
mcfadden,0.000131
jarrell,0.000131
plummer,0.000131
moon,0.000131
bauer,0.000130
richard,0.000130
lovelace,0.000130
westbrook,0.000130
harrelson,0.000130
barfield,0.000130
ammons,0.000130
mays,0.000130
macdonald,0.000130
comer,0.000130
minton,0.000129
elkins,0.000129
whisnant,0.000129
gaskins,0.000129
albright,0.000129
foust,0.000129
leary,0.000129
barlow,0.000129
roth,0.000129
clements,0.000129
hawley,0.000129
hauser,0.000129
brennan,0.000129
belcher,0.000129
biggs,0.000129
marion,0.000129
mckinnon,0.000128
propst,0.000128
raines,0.000128
mcghee,0.000128
barnhill,0.000128
sadler,0.000128
kane,0.000128
kendrick,0.000128
jarman,0.000128
lutz,0.000128
gaither,0.000127
oconnor,0.000127
denny,0.000127
sneed,0.000127
mackey,0.000127
downing,0.000127
willoughby,0.000127
laney,0.000127
maynor,0.000127
pham,0.000127
horn,0.000127
slaughter,0.000127
maldonado,0.000127
brewington,0.000127
carmichael,0.000126
holcomb,0.000126
lipscomb,0.000126
mcginnis,0.000126
sheets,0.000126
hawks,0.000126
elder,0.000126
hewett,0.000126
stowe,0.000126
rucker,0.000126
barringer,0.000125
aguilar,0.000125
belk,0.000125
peacock,0.000125
yarbrough,0.000125
boyer,0.000125
caudill,0.000125
booker,0.000125
wray,0.000125
meyers,0.000124
mcfarland,0.000124
walden,0.000124
bostic,0.000124
chaney,0.000124
daye,0.000124
woodruff,0.000124
batten,0.000124
colon,0.000124
tew,0.000124
walter,0.000124
upchurch,0.000124
stiles,0.000124
winslow,0.000123
brittain,0.000123
mendez,0.000123
jamison,0.000123
dickson,0.000123
holliday,0.000123
gantt,0.000123
pulley,0.000123
tipton,0.000123
roper,0.000123
malloy,0.000122
mull,0.000122
boyette,0.000122
driver,0.000122
painter,0.000122
reilly,0.000121
toler,0.000121
dotson,0.000121
crane,0.000121
manley,0.000121
coates,0.000121
hartsell,0.000121
gould,0.000121
clemons,0.000121
merrill,0.000121
li,0.000120
mccann,0.000120
barry,0.000120
ali,0.000120
hannah,0.000120
diggs,0.000120
erickson,0.000119
nunez,0.000119
pike,0.000119
bobbitt,0.000119
woodward,0.000119
faulk,0.000119
rainey,0.000119
eudy,0.000119
purcell,0.000119
kirkman,0.000118
satterfield,0.000118
sasser,0.000118
figueroa,0.000118
smallwood,0.000118
roy,0.000118
southerland,0.000118
bowles,0.000118
crocker,0.000118
dula,0.000117
burroughs,0.000117
yancey,0.000117
foy,0.000117
haas,0.000117
latham,0.000117
arthur,0.000117
goss,0.000117
isley,0.000117
weiss,0.000117
o'neal,0.000117
sisk,0.000117
sink,0.000117
hinnant,0.000117
mooney,0.000116
munoz,0.000116
kincaid,0.000116
coe,0.000116
cooley,0.000116
sears,0.000116
schroeder,0.000116
boles,0.000116
brower,0.000116
surratt,0.000116
olsen,0.000116
hyde,0.000115
hayden,0.000115
delgado,0.000115
simms,0.000115
brunson,0.000115
troutman,0.000115
dobbins,0.000115
edge,0.000115
etheridge,0.000115
killian,0.000115
bowling,0.000115
presnell,0.000115
harden,0.000115
anders,0.000115
sauls,0.000114
aiken,0.000114
shuler,0.000114
shearin,0.000114
kinney,0.000114
fink,0.000114
kearns,0.000114
thigpen,0.000114
moose,0.000114
arrowood,0.000114
welborn,0.000114
nolan,0.000114
everette,0.000114
bonner,0.000114
tomlinson,0.000114
hobson,0.000114
talbert,0.000114
starling,0.000114
mccauley,0.000114
whitted,0.000113
murdock,0.000113
howe,0.000113
ashe,0.000113
felton,0.000113
sprinkle,0.000113
crouch,0.000113
salazar,0.000113
shaver,0.000113
head,0.000113
moseley,0.000113
shumate,0.000113
roman,0.000113
mayes,0.000113
stanton,0.000113
peeler,0.000113
dove,0.000112
bledsoe,0.000112
hargett,0.000112
shoemaker,0.000112
mccorkle,0.000112
temple,0.000112
carney,0.000112
griggs,0.000112
pennell,0.000112
lennon,0.000112
sides,0.000112
aycock,0.000112
david,0.000112
goforth,0.000111
gilchrist,0.000111
finley,0.000111
mims,0.000111
parris,0.000111
mcgowan,0.000111
easter,0.000111
mcclellan,0.000111
moyer,0.000111
byrum,0.000111
hiatt,0.000111
land,0.000111
dowdy,0.000111
parnell,0.000111
hanna,0.000110
ham,0.000110
revels,0.000110
gonzales,0.000110
mauney,0.000110
morse,0.000110
dancy,0.000110
swann,0.000110
baird,0.000110
swinson,0.000110
adcock,0.000110
varner,0.000110
crouse,0.000110
downs,0.000110
almond,0.000110
hudgins,0.000110
frost,0.000110
haley,0.000110
mcdougald,0.000110
rutledge,0.000110
swaim,0.000109
overby,0.000109
trivette,0.000109
carswell,0.000109
pena,0.000109
coggins,0.000109
o'brien,0.000109
gillis,0.000109
redmond,0.000109
england,0.000109
lowman,0.000109
farris,0.000109
roland,0.000109
rorie,0.000109
luther,0.000108
tolbert,0.000108
vega,0.000108
deans,0.000108
downey,0.000108
alvarado,0.000108
zhang,0.000108
mayfield,0.000107
weston,0.000107
link,0.000107
shuford,0.000107
dial,0.000107
kramer,0.000107
dailey,0.000107
rudd,0.000107
koch,0.000107
amos,0.000107
daughtry,0.000106
marlowe,0.000106
russo,0.000106
johns,0.000106
bingham,0.000106
paige,0.000106
manuel,0.000106
pollock,0.000106
edmondson,0.000106
braxton,0.000106
marshburn,0.000106
clement,0.000106
chang,0.000106
southern,0.000106
duffy,0.000106
britton,0.000106
sapp,0.000106
darnell,0.000106
dobson,0.000106
boyles,0.000106
mabry,0.000106
peck,0.000106
knapp,0.000106
ewing,0.000105
fitzpatrick,0.000105
cope,0.000105
goff,0.000105
mciver,0.000105
weathers,0.000105
madden,0.000105
liu,0.000105
smart,0.000105
bender,0.000105
christopher,0.000105
rojas,0.000105
wiles,0.000105
dozier,0.000104
bridgers,0.000104
hollar,0.000104
dodd,0.000104
snead,0.000104
efird,0.000104
bare,0.000104
erwin,0.000104
pulliam,0.000104
isenhour,0.000104
lawing,0.000104
oakes,0.000104
pendergrass,0.000104
lineberger,0.000104
penland,0.000103
mcmahon,0.000103
clontz,0.000103
vines,0.000103
boyle,0.000103
hough,0.000103
westmoreland,0.000103
butts,0.000103
spicer,0.000103
starr,0.000103
flanagan,0.000103
vestal,0.000103
coats,0.000103
grubb,0.000102
lin,0.000102
coker,0.000102
gurley,0.000102
rutherford,0.000102
lyles,0.000102
ahmed,0.000102
whitney,0.000102
hatfield,0.000102
clemmons,0.000102
poindexter,0.000102
wicker,0.000102
penny,0.000101
mcarthur,0.000101
naylor,0.000101
handy,0.000101
oldham,0.000101
stubbs,0.000101
crumpler,0.000101
fish,0.000101
gabriel,0.000101
hales,0.000101
dunbar,0.000101
xiong,0.000101
withers,0.000101
hahn,0.000100
scruggs,0.000100
angel,0.000100
chance,0.000100
moye,0.000100
pettiford,0.000100
shirley,0.000100
lankford,0.000100
hastings,0.000100
walston,0.000100
dunston,0.000100
perdue,0.000100
buie,0.000100
hope,0.000100
rios,0.000100
pryor,0.000100
milligan,0.000100
muhammad,0.000099
hare,0.000099
cody,0.000099
abrams,0.000099
daugherty,0.000099
privette,0.000099
tedder,0.000099
whitman,0.000099
gragg,0.000099
currin,0.000099
christensen,0.000099
worrell,0.000099
sweet,0.000099
layton,0.000098
canipe,0.000098
scarborough,0.000098
stover,0.000098
womble,0.000098
fulcher,0.000098
dougherty,0.000098
pardue,0.000098
stein,0.000098
herron,0.000098
couch,0.000098
fennell,0.000098
boston,0.000098
lineberry,0.000097
akers,0.000097
yount,0.000097
hollis,0.000097
apple,0.000097
mcgrath,0.000097
rector,0.000097
ruff,0.000097
rudisill,0.000097
mejia,0.000097
woodall,0.000097
mahoney,0.000097
pack,0.000097
bernard,0.000097
cable,0.000097
yoder,0.000097
good,0.000096
henley,0.000096
eldridge,0.000096
poston,0.000096
loftin,0.000096
whiteside,0.000096
donovan,0.000096
ragland,0.000096
davies,0.000096
phifer,0.000096
nunn,0.000096
chadwick,0.000096
byerly,0.000096
rivenbark,0.000096
berger,0.000096
hussey,0.000096
abernethy,0.000096
gunn,0.000096
keener,0.000096
hankins,0.000096
sheffield,0.000096
drew,0.000096
montague,0.000095
mclendon,0.000095
farrar,0.000095
brackett,0.000095
gary,0.000095
blackman,0.000095
petersen,0.000095
spell,0.000095
mace,0.000095
gregg,0.000095
medley,0.000095
grubbs,0.000095
spain,0.000095
law,0.000095
slater,0.000094
skipper,0.000094
moffitt,0.000094
wills,0.000094
mintz,0.000094
clodfelter,0.000094
mccracken,0.000094
samuels,0.000094
myrick,0.000094
mccurry,0.000094
guerrero,0.000094
mcneely,0.000094
mauldin,0.000094
ramey,0.000094
chamberlain,0.000094
burt,0.000094
grissom,0.000094
acosta,0.000093
harwood,0.000093
daly,0.000093
barkley,0.000093
kline,0.000093
summerlin,0.000093
horner,0.000093
farrington,0.000093
koonce,0.000093
doss,0.000093
turnage,0.000093
millsaps,0.000093
yow,0.000093
barron,0.000093
winkler,0.000093
emerson,0.000093
lance,0.000093
gorman,0.000093
blackwelder,0.000093
beane,0.000092
hailey,0.000092
connelly,0.000092
pitt,0.000092
corbin,0.000092
washburn,0.000092
raymond,0.000092
overman,0.000092
vickers,0.000092
croom,0.000092
penn,0.000092
larsen,0.000091
sams,0.000091
dew,0.000091
desai,0.000091
bateman,0.000091
sain,0.000091
serrano,0.000091
carlisle,0.000091
fry,0.000091
barnhardt,0.000091
isaacs,0.000091
brice,0.000091
cartwright,0.000091
sherrod,0.000091
tompkins,0.000091
mayer,0.000091
coward,0.000091
judd,0.000091
keen,0.000090
molina,0.000090
webber,0.000090
pender,0.000090
cardwell,0.000090
buckley,0.000090
mashburn,0.000090
sutherland,0.000090
dyson,0.000090
nix,0.000090
koontz,0.000090
chisholm,0.000090
tillery,0.000090
givens,0.000090
crowell,0.000090
belton,0.000090
crenshaw,0.000090
grindstaff,0.000090
dye,0.000090
bullins,0.000090
seymour,0.000089
grice,0.000089
barham,0.000089
venable,0.000089
rawls,0.000089
story,0.000089
conklin,0.000089
burney,0.000089
whitener,0.000089
thomason,0.000089
mccabe,0.000088
stepp,0.000088
cabrera,0.000088
addison,0.000088
cannady,0.000088
lanning,0.000088
gurganus,0.000088
payton,0.000088
dickinson,0.000088
crutchfield,0.000088
drum,0.000088
schmitt,0.000088
miranda,0.000088
costner,0.000088
gorham,0.000088
stegall,0.000088
bragg,0.000088
earp,0.000088
gibbons,0.000088
dempsey,0.000088
poplin,0.000088
haskins,0.000088
torrence,0.000088
worthington,0.000088
huber,0.000088
dukes,0.000087
alley,0.000087
falls,0.000087
levine,0.000087
causey,0.000087
ransom,0.000087
kilpatrick,0.000087
velez,0.000087
rowell,0.000087
leslie,0.000087
colvin,0.000087
lea,0.000087
cutler,0.000087
draughn,0.000087
roseboro,0.000087
springs,0.000087
squires,0.000087
hoskins,0.000087
shea,0.000087
earnhardt,0.000087
bowser,0.000087
clapp,0.000086
irwin,0.000086
sellars,0.000086
parrott,0.000086
siler,0.000086
carrington,0.000086
lytle,0.000086
fulp,0.000086
bagley,0.000086
mccallum,0.000086
hoggard,0.000086
lambeth,0.000086
cockerham,0.000086
cassidy,0.000086
grace,0.000086
keel,0.000086
bolden,0.000086
london,0.000086
craddock,0.000086
barrier,0.000086
grooms,0.000085
brigman,0.000085
kuhn,0.000085
donnelly,0.000085
denning,0.000085
andersen,0.000085
hathaway,0.000085
connell,0.000085
schaefer,0.000085
moretz,0.000085
cloninger,0.000085
fountain,0.000085
east,0.000085
broadway,0.000085
ambrose,0.000085
edgerton,0.000085
welsh,0.000085
oneill,0.000085
stutts,0.000085
early,0.000085
dover,0.000085
tuck,0.000085
donahue,0.000085
kluttz,0.000084
peace,0.000084
locke,0.000084
hand,0.000084
connolly,0.000084
call,0.000084
lemons,0.000084
odell,0.000084
timmons,0.000084
dominguez,0.000084
keaton,0.000084
mccraw,0.000083
fair,0.000083
trull,0.000083
maloney,0.000083
crawley,0.000083
smalls,0.000083
pearsall,0.000083
kinlaw,0.000083
groves,0.000083
trotter,0.000083
hinkle,0.000082
thacker,0.000082
cuthbertson,0.000082
spaulding,0.000082
stocks,0.000082
irvin,0.000082
gupton,0.000082
noel,0.000082
murchison,0.000082
haddock,0.000082
stark,0.000082
crotts,0.000082
baxley,0.000082
corey,0.000082
monk,0.000082
hemphill,0.000082
plyler,0.000082
gallimore,0.000082
kern,0.000082
mccaskill,0.000082
mclain,0.000081
mclawhorn,0.000081
jeffers,0.000081
suarez,0.000081
leon,0.000081
meredith,0.000081
mcnamara,0.000081
brannon,0.000081
lofton,0.000081
tyner,0.000081
motley,0.000081
farrow,0.000081
spangler,0.000081
browne,0.000081
bordeaux,0.000081
boger,0.000080
rash,0.000080
pruett,0.000080
cozart,0.000080
hair,0.000080
winchester,0.000080
marley,0.000080
ireland,0.000080
nesbitt,0.000080
steed,0.000080
wong,0.000080
paschal,0.000080
finney,0.000080
crockett,0.000080
culbreth,0.000080
bonilla,0.000080
berg,0.000080
dehart,0.000080
dunham,0.000080
estrada,0.000080
herbert,0.000080
mock,0.000080
ortega,0.000080
deberry,0.000080
pendleton,0.000080
riggins,0.000080
hatch,0.000080
trent,0.000080
wilhelm,0.000080
allman,0.000079
murrell,0.000079
duckworth,0.000079
drye,0.000079
lentz,0.000079
flood,0.000079
searcy,0.000079
pinnix,0.000079
silvers,0.000079
ayala,0.000079
caulder,0.000079
bacon,0.000079
cleary,0.000079
ayscue,0.000079
haines,0.000079
delaney,0.000079
simons,0.000079
huynh,0.000079
houck,0.000079
lovett,0.000079
gant,0.000079
bird,0.000079
o'connor,0.000079
shell,0.000079
mcdermott,0.000078
cecil,0.000078
sheehan,0.000078
salter,0.000078
livengood,0.000078
mccarty,0.000078
velazquez,0.000078
hamlin,0.000078
cleveland,0.000078
fuentes,0.000078
gaston,0.000078
campos,0.000078
earley,0.000078
plemmons,0.000078
cornelius,0.000078
hallman,0.000078
gladden,0.000078
chester,0.000077
loftis,0.000077
samuel,0.000077
dowd,0.000077
padilla,0.000077
wu,0.000077
bivens,0.000077
owenby,0.000077
kinsey,0.000077
burwell,0.000077
faucette,0.000077
keyes,0.000077
kimball,0.000077
devine,0.000077
reddick,0.000077
cromartie,0.000077
milton,0.000077
tracy,0.000077
mcinnis,0.000077
trexler,0.000076
craver,0.000076
ramseur,0.000076
banner,0.000076
jeter,0.000076
priest,0.000076
regan,0.000076
kay,0.000076
mayberry,0.000076
summey,0.000076
shoaf,0.000076
albert,0.000076
langdon,0.000076
goldstein,0.000076
cornett,0.000076
rountree,0.000076
dills,0.000076
childs,0.000076
rosario,0.000076
butcher,0.000076
grantham,0.000076
fritz,0.000075
chilton,0.000075
caviness,0.000075
oglesby,0.000075
needham,0.000075
clinton,0.000075
fraser,0.000075
highsmith,0.000075
wilkie,0.000075
springer,0.000075
hightower,0.000075
jewell,0.000075
hackett,0.000075
coulter,0.000075
fogleman,0.000074
sewell,0.000074
stroupe,0.000074
meade,0.000074
stanfield,0.000074
frey,0.000074
frady,0.000074
gooch,0.000074
bollinger,0.000074
breedlove,0.000074
truesdale,0.000074
levy,0.000074
emery,0.000074
mcgraw,0.000074
bess,0.000074
cribb,0.000074
tallent,0.000074
grigg,0.000074
shoffner,0.000074
gause,0.000074
colbert,0.000074
brandt,0.000074
nielsen,0.000074
courtney,0.000074
hutchison,0.000074
dubose,0.000073
marlow,0.000073
lake,0.000073
kaplan,0.000073
swift,0.000073
mckeithan,0.000073
hinshaw,0.000073
baggett,0.000073
buff,0.000073
espinoza,0.000073
bazemore,0.000073
masters,0.000073
bradsher,0.000073
benitez,0.000073
field,0.000073
mccrary,0.000073
mansfield,0.000073
hagan,0.000073
greenwood,0.000073
betts,0.000073
barger,0.000073
pickard,0.000073
lilley,0.000073
emory,0.000073
kenney,0.000072
wiseman,0.000072
keene,0.000072
hackney,0.000072
massengill,0.000072
byrne,0.000072
ezzell,0.000072
deloatch,0.000072
navarro,0.000072
draper,0.000072
midgett,0.000072
friedman,0.000072
munn,0.000072
youngblood,0.000072
roten,0.000072
brothers,0.000072
absher,0.000072
blakeney,0.000072
vogel,0.000072
harkey,0.000072
bundy,0.000072
altman,0.000072
revis,0.000072
wingate,0.000072
yost,0.000072
velasquez,0.000072
crowley,0.000072
bumgardner,0.000072
redding,0.000072
cornwell,0.000072
blanks,0.000071
friday,0.000071
lord,0.000071
gosnell,0.000071
gee,0.000071
blythe,0.000071
pharr,0.000071
abraham,0.000071
magee,0.000071
mckinley,0.000071
peebles,0.000071
strader,0.000071
pritchett,0.000071
dwyer,0.000071
gwyn,0.000071
rackley,0.000071
stanford,0.000071
guffey,0.000071
santana,0.000071
satterwhite,0.000071
kaufman,0.000071
loflin,0.000071
jacobson,0.000070
keever,0.000070
tinsley,0.000070
knott,0.000070
sparrow,0.000070
hoke,0.000070
sloop,0.000070
ashby,0.000070
hamlett,0.000070
tysinger,0.000070
bain,0.000070
acevedo,0.000070
kessler,0.000070
surles,0.000070
werner,0.000070
pacheco,0.000070
macon,0.000070
mercado,0.000070
boney,0.000070
atwood,0.000070
major,0.000070
costello,0.000070
hanks,0.000070
kerns,0.000070
melendez,0.000070
parson,0.000070
beavers,0.000070
reinhardt,0.000070
winn,0.000069
southard,0.000069
dowell,0.000069
madison,0.000069
forte,0.000069
teal,0.000069
kee,0.000069
ring,0.000069
clary,0.000069
ponder,0.000069
lott,0.000069
redd,0.000069
brodie,0.000069
muller,0.000069
lehman,0.000069
lockamy,0.000069
headen,0.000069
settle,0.000069
breeden,0.000069
huang,0.000069
cofield,0.000069
corpening,0.000069
mozingo,0.000069
crudup,0.000069
prevette,0.000069
templeton,0.000069
ragan,0.000069
medford,0.000068
barnard,0.000068
sandoval,0.000068
culp,0.000068
streeter,0.000068
bunting,0.000068
holton,0.000068
kiger,0.000068
dooley,0.000068
swink,0.000068
slate,0.000068
dolan,0.000068
burkett,0.000068
dewitt,0.000068
burchette,0.000068
valdez,0.000068
clyburn,0.000068
leake,0.000068
gerald,0.000068
raper,0.000068
whitlock,0.000067
mallory,0.000067
mebane,0.000067
styles,0.000067
fortner,0.000067
ladd,0.000067
thomson,0.000067
wynne,0.000067
rabon,0.000067
mcelroy,0.000067
dickey,0.000067
sharma,0.000067
corn,0.000067
crook,0.000067
penley,0.000067
hunsucker,0.000067
edmundson,0.000067
arnette,0.000067
novak,0.000067
marino,0.000067
rivas,0.000067
casper,0.000067
roark,0.000067
muse,0.000067
gooding,0.000067
hadley,0.000067
broadnax,0.000067
witt,0.000067
gatling,0.000067
wesley,0.000067
luna,0.000067
farr,0.000067
worthy,0.000067
newcomb,0.000067
linton,0.000066
nicholas,0.000066
contreras,0.000066
avent,0.000066
upton,0.000066
sargent,0.000066
grogan,0.000066
chastain,0.000066
sands,0.000066
berrier,0.000066
drummond,0.000066
cahoon,0.000066
archie,0.000066
fulk,0.000066
conyers,0.000066
chatman,0.000066
reeder,0.000066
hurt,0.000066
reagan,0.000066
felder,0.000066
camacho,0.000066
platt,0.000066
john,0.000066
deaver,0.000066
rhoades,0.000065
stovall,0.000065
hasty,0.000065
lundy,0.000065
foxx,0.000065
healy,0.000065
holcombe,0.000065
barnwell,0.000065
seay,0.000065
mundy,0.000065
phan,0.000065
mcalister,0.000065
corley,0.000065
franco,0.000065
partin,0.000065
culler,0.000065
romano,0.000065
oconnell,0.000065
sledge,0.000065
huffstetler,0.000065
whitson,0.000065
beamon,0.000065
yelton,0.000065
walser,0.000065
mayhew,0.000065
leblanc,0.000065
calderon,0.000065
harvell,0.000065
whitmire,0.000065
clawson,0.000065
waugh,0.000065
teachey,0.000065
ballance,0.000065
kaiser,0.000064
carden,0.000064
hansley,0.000064
doby,0.000064
ellerbe,0.000064
landry,0.000064
beeson,0.000064
avila,0.000064
thurman,0.000064
posey,0.000064
burr,0.000064
driscoll,0.000064
stamper,0.000064
odonnell,0.000064
cathey,0.000064
cotten,0.000064
kerley,0.000064
mccloud,0.000064
dumas,0.000064
felts,0.000064
watlington,0.000064
duggins,0.000064
swartz,0.000064
markham,0.000064
sterling,0.000063
keys,0.000063
pleasant,0.000063
isaac,0.000063
singer,0.000063
whalen,0.000063
mcneal,0.000063
soles,0.000063
thornburg,0.000063
latta,0.000063
higgs,0.000063
krueger,0.000063
darby,0.000063
forney,0.000063
bizzell,0.000063
kimble,0.000063
richter,0.000063
ashworth,0.000063
keenan,0.000063
howie,0.000063
trogdon,0.000063
hassell,0.000063
pierson,0.000063
sherwood,0.000063
hickey,0.000063
younger,0.000063
harley,0.000063
milam,0.000063
cureton,0.000063
newby,0.000063
eckard,0.000063
cramer,0.000063
jefferies,0.000062
strange,0.000062
coles,0.000062
christie,0.000062
correll,0.000062
lacy,0.000062
pemberton,0.000062
scoggins,0.000062
wyrick,0.000062
christy,0.000062
gold,0.000062
hammer,0.000062
cone,0.000062
doherty,0.000062
bartley,0.000062
fender,0.000062
seagle,0.000062
france,0.000062
juarez,0.000062
costa,0.000062
marquez,0.000062
cochrane,0.000062
mohamed,0.000062
daley,0.000062
hurd,0.000062
fairley,0.000062
brookshire,0.000062
rathbone,0.000062
trantham,0.000062
way,0.000062
dubois,0.000062
speller,0.000062
mcadams,0.000062
braun,0.000062
rossi,0.000061
barksdale,0.000061
lomax,0.000061
kilby,0.000061
haigler,0.000061
eagle,0.000061
tarlton,0.000061
hollowell,0.000061
rochelle,0.000061
katz,0.000061
gilley,0.000061
maher,0.000061
auman,0.000061
winter,0.000061
coyle,0.000061
sorrell,0.000061
hays,0.000061
sikes,0.000061
bagwell,0.000061
waldrop,0.000061
hendrickson,0.000061
mize,0.000061
keeter,0.000061
rasmussen,0.000061
sheridan,0.000061
alligood,0.000061
carraway,0.000061
biddix,0.000061
jeffreys,0.000061
mizelle,0.000061
sipe,0.000061
andrade,0.000061
shue,0.000061
lovell,0.000061
mckenna,0.000061
goddard,0.000061
curran,0.000061
julian,0.000061
prescott,0.000061
chestnut,0.000060
bissette,0.000060
utley,0.000060
brame,0.000060
post,0.000060
napier,0.000060
bartholomew,0.000060
alderman,0.000060
morin,0.000060
torain,0.000060
wike,0.000060
huskey,0.000060
bruton,0.000060
grayson,0.000060
duff,0.000060
stockton,0.000060
canty,0.000060
hildreth,0.000060
akins,0.000060
cashwell,0.000060
geiger,0.000060
stack,0.000060
cabe,0.000060
elam,0.000060
enoch,0.000060
minter,0.000060
mcbryde,0.000060
godley,0.000060
robles,0.000060
pagan,0.000060
narron,0.000060
burden,0.000060
pegues,0.000060
adair,0.000060
steward,0.000060
groce,0.000059
farlow,0.000059
hovis,0.000059
michaels,0.000059
hearn,0.000059
crain,0.000059
durant,0.000059
kepley,0.000059
colson,0.000059
malpass,0.000059
light,0.000059
kurtz,0.000059
bonds,0.000059
fitch,0.000059
haire,0.000059
watford,0.000059
neville,0.000059
mott,0.000059
presley,0.000059
swindell,0.000059
brewster,0.000059
somers,0.000059
vereen,0.000059
dorsett,0.000059
bower,0.000059
duvall,0.000059
estep,0.000059
bigelow,0.000059
wolff,0.000059
shipp,0.000059
atwell,0.000059
beaty,0.000059
mccarter,0.000059
greeson,0.000059
wilmoth,0.000059
cornell,0.000059
aguirre,0.000059
peek,0.000058
carmon,0.000058
vanhoy,0.000058
wiggs,0.000058
mehta,0.000058
smiley,0.000058
fulbright,0.000058
metz,0.000058
stilwell,0.000058
pettit,0.000058
hege,0.000058
krause,0.000058
treadway,0.000058
barwick,0.000058
morehead,0.000058
granger,0.000058
vo,0.000058
staples,0.000058
redmon,0.000058
wylie,0.000058
mcmullen,0.000058
hanes,0.000058
sprouse,0.000058
esposito,0.000058
beaman,0.000058
guerra,0.000058
sowers,0.000058
stern,0.000058
taft,0.000058
sosa,0.000058
egan,0.000058
salmon,0.000058
ogle,0.000058
briley,0.000058
arias,0.000058
brickhouse,0.000058
clifford,0.000057
goldston,0.000057
woodson,0.000057
heavner,0.000057
misenheimer,0.000057
irving,0.000057
mooring,0.000057
fortune,0.000057
hundley,0.000057
linville,0.000057
ferris,0.000057
sugg,0.000057
marrow,0.000057
laughlin,0.000057
braddy,0.000057
kumar,0.000057
modlin,0.000057
bruno,0.000057
ensley,0.000057
nieves,0.000057
landis,0.000057
steelman,0.000057
mead,0.000057
burks,0.000057
lattimore,0.000057
teasley,0.000057
snell,0.000057
eatmon,0.000057
mcgregor,0.000057
bassett,0.000057
routh,0.000057
ziegler,0.000057
kersey,0.000056
warlick,0.000056
spear,0.000056
spann,0.000056
yelverton,0.000056
troy,0.000056
driggers,0.000056
hathcock,0.000056
midgette,0.000056
robinette,0.000056
dill,0.000056
mccrimmon,0.000056
cortes,0.000056
puryear,0.000056
bowens,0.000056
mcmurray,0.000056
pipkin,0.000056
messick,0.000056
eure,0.000056
reep,0.000056
mcgirt,0.000056
leigh,0.000056
windham,0.000056
baines,0.000056
ollis,0.000056
salinas,0.000056
mccombs,0.000056
foushee,0.000056
tabor,0.000056
cullen,0.000056
ackerman,0.000056
means,0.000056
gwynn,0.000056
shull,0.000056
langford,0.000056
rigsbee,0.000056
duran,0.000056
shafer,0.000056
irby,0.000056
shackelford,0.000056
laughter,0.000056
crow,0.000055
yeager,0.000055
cottrell,0.000055
tobin,0.000055
rosa,0.000055
spainhour,0.000055
pineda,0.000055
gleason,0.000055
whitlow,0.000055
mumford,0.000055
whitworth,0.000055
maye,0.000055
tippett,0.000055
coston,0.000055
beckwith,0.000055
stratton,0.000055
stapleton,0.000055
kilgore,0.000055
prevatte,0.000055
harrill,0.000055
lam,0.000055
burgin,0.000055
mcdonough,0.000055
cromer,0.000055
staten,0.000055
shapiro,0.000055
dees,0.000055
willett,0.000055
sebastian,0.000055
lyerly,0.000055
nowell,0.000055
shelley,0.000055
bruner,0.000055
piper,0.000055
swan,0.000055
gatewood,0.000055
josey,0.000055
fagan,0.000055
castle,0.000055
cockrell,0.000055
gillikin,0.000055
fogg,0.000055
mccullen,0.000055
chesson,0.000055
blackwood,0.000054
baity,0.000054
hylton,0.000054
mcclelland,0.000054
mcclendon,0.000054
ames,0.000054
tomlin,0.000054
branson,0.000054
clanton,0.000054
bandy,0.000054
easterling,0.000054
albertson,0.000054
carnes,0.000054
younts,0.000054
gagnon,0.000054
paris,0.000054
kuykendall,0.000054
sprague,0.000054
heller,0.000054
sturgill,0.000054
creed,0.000054
gustafson,0.000054
hemingway,0.000054
burkhart,0.000054
cassell,0.000054
purser,0.000054
sowell,0.000054
whittaker,0.000054
montoya,0.000054
piner,0.000054
turpin,0.000054
lusk,0.000054
matheson,0.000053
moorefield,0.000053
loy,0.000053
chan,0.000053
bottoms,0.000053
fore,0.000053
rudolph,0.000053
pait,0.000053
goldman,0.000053
ludwig,0.000053
herbin,0.000053
tisdale,0.000053
blakely,0.000053
mahaffey,0.000053
dodge,0.000053
stacy,0.000053
sluder,0.000053
broughton,0.000053
chamblee,0.000053
finn,0.000053
lindley,0.000053
simpkins,0.000053
leatherman,0.000053
ebron,0.000053
freeze,0.000053
dugan,0.000053
pullen,0.000053
canter,0.000053
kale,0.000053
grainger,0.000053
ash,0.000053
rosser,0.000053
garren,0.000053
millard,0.000053
sealey,0.000053
tharrington,0.000053
roe,0.000053
massenburg,0.000053
hendrick,0.000052
maney,0.000052
dick,0.000052
yu,0.000052
lovette,0.000052
israel,0.000052
hargrave,0.000052
beverly,0.000052
cogdell,0.000052
blizzard,0.000052
hogue,0.000052
kenny,0.000052
wayne,0.000052
arroyo,0.000052
earl,0.000052
cheatham,0.000052
maurer,0.000052
crandall,0.000052
worth,0.000052
escobar,0.000052
shinn,0.000052
meier,0.000052
kiker,0.000052
joines,0.000052
hockaday,0.000052
gupta,0.000052
spearman,0.000052
fussell,0.000052
babb,0.000052
mosteller,0.000052
goldberg,0.000052
cortez,0.000052
ho,0.000052
metzger,0.000052
batson,0.000052
emanuel,0.000052
causby,0.000052
truong,0.000052
scarboro,0.000052
jolley,0.000052
bowes,0.000052
rascoe,0.000052
osborn,0.000051
nelms,0.000051
lockwood,0.000051
woodlief,0.000051
brim,0.000051
cavanaugh,0.000051
gouge,0.000051
mcphatter,0.000051
bui,0.000051
rock,0.000051
goble,0.000051
gallo,0.000051
hutson,0.000051
douglass,0.000051
hebert,0.000051
hoyt,0.000051
troxler,0.000051
heard,0.000051
faust,0.000051
cloud,0.000051
cockman,0.000051
mchone,0.000051
flowe,0.000051
towery,0.000051
dulin,0.000051
solis,0.000051
garza,0.000051
bristow,0.000051
hutton,0.000051
luck,0.000051
edens,0.000051
wellman,0.000051
sholar,0.000051
basnight,0.000051
landreth,0.000051
carlyle,0.000051
spinks,0.000051
applewhite,0.000051
burrows,0.000051
marcus,0.000051
beckham,0.000050
becton,0.000050
dutton,0.000050
atwater,0.000050
linker,0.000050
garvin,0.000050
dorman,0.000050
knotts,0.000050
faw,0.000050
cartrette,0.000050
haith,0.000050
oneil,0.000050
rubin,0.000050
reardon,0.000050
hassan,0.000050
benge,0.000050
lingerfelt,0.000050
layne,0.000050
seals,0.000050
frink,0.000050
norfleet,0.000050
davison,0.000050
hepler,0.000050
windley,0.000050
connors,0.000050
callicutt,0.000050
ngo,0.000050
talton,0.000050
fraley,0.000050
hobgood,0.000050
borders,0.000050
rosenberg,0.000050
arnett,0.000050
gilliland,0.000050
asbury,0.000050
bolin,0.000050
neff,0.000050
reel,0.000050
shearer,0.000050
pelletier,0.000050
biggers,0.000050
meekins,0.000050
toth,0.000050
marin,0.000050
cordell,0.000049
mitchem,0.000049
bloom,0.000049
starks,0.000049
smoot,0.000049
huskins,0.000049
cruse,0.000049
bautista,0.000049
lugo,0.000049
coltrane,0.000049
kimrey,0.000049
beale,0.000049
legrand,0.000049
rosen,0.000049
holleman,0.000049
storey,0.000049
ochoa,0.000049
bostick,0.000049
dillingham,0.000049
mcwilliams,0.000049
kitchen,0.000049
roche,0.000049
frick,0.000049
paxton,0.000049
pedersen,0.000049
kimbrough,0.000049
stitt,0.000049
corriher,0.000049
finger,0.000049
dent,0.000049
loyd,0.000049
watt,0.000049
teel,0.000049
brawley,0.000049
judge,0.000049
pickens,0.000049
priddy,0.000049
villanueva,0.000049
parton,0.000049
stump,0.000049
goodrich,0.000049
davila,0.000049
fryar,0.000049
beacham,0.000049
harwell,0.000049
proffitt,0.000049
ott,0.000049
danner,0.000049
kittrell,0.000049
heffner,0.000049
pappas,0.000049
robison,0.000049
weir,0.000049
seward,0.000049
ridenhour,0.000049
boulware,0.000049
mendenhall,0.000049
hannon,0.000049
lefler,0.000048
flynt,0.000048
annas,0.000048
clegg,0.000048
stahl,0.000048
purdy,0.000048
ashford,0.000048
aaron,0.000048
easley,0.000048
carrillo,0.000048
sorensen,0.000048
brendle,0.000048
wester,0.000048
lange,0.000048
eaves,0.000048
mulligan,0.000048
worsley,0.000048
cottle,0.000048
diehl,0.000048
rains,0.000048
steiner,0.000048
grimm,0.000048
goldsmith,0.000048
lashley,0.000048
choi,0.000048
biggerstaff,0.000048
newsom,0.000048
main,0.000048
salas,0.000048
ventura,0.000048
mchugh,0.000048
voss,0.000048
wilburn,0.000048
liverman,0.000048
fincher,0.000048
north,0.000048
selby,0.000048
kivett,0.000048
foote,0.000048
donnell,0.000048
timberlake,0.000048
rhinehart,0.000048
bristol,0.000048
slagle,0.000048
ogden,0.000048
strother,0.000048
quinones,0.000048
neill,0.000047
quigley,0.000047
shackleford,0.000047
suttles,0.000047
glasgow,0.000047
larkin,0.000047
wharton,0.000047
speer,0.000047
abel,0.000047
hurdle,0.000047
cave,0.000047
devane,0.000047
souther,0.000047
brisson,0.000047
corcoran,0.000047
mcphail,0.000047
tidwell,0.000047
rizzo,0.000047
styron,0.000047
duckett,0.000047
callaway,0.000047
stanback,0.000047
echols,0.000047
lawton,0.000047
safrit,0.000047
huss,0.000047
speaks,0.000047
baum,0.000047
mcadoo,0.000047
vu,0.000047
rooks,0.000047
cason,0.000047
flinchum,0.000047
roseman,0.000047
castaneda,0.000047
saylor,0.000047
hawk,0.000047
harman,0.000047
hite,0.000047
mallard,0.000047
shipley,0.000047
koenig,0.000047
bracey,0.000047
briscoe,0.000047
gulledge,0.000047
exum,0.000047
skeen,0.000047
cahill,0.000047
dinkins,0.000047
chung,0.000047
caruso,0.000047
mattocks,0.000047
sylvester,0.000047
elks,0.000047
cauthen,0.000047
lupton,0.000047
culpepper,0.000047
halsey,0.000046
eggers,0.000046
bowlin,0.000046
gaddis,0.000046
auten,0.000046
mcnally,0.000046
hagler,0.000046
whitesides,0.000046
hodgin,0.000046
funk,0.000046
culbertson,0.000046
new,0.000046
branham,0.000046
skidmore,0.000046
winebarger,0.000046
purdie,0.000046
ginn,0.000046
stuckey,0.000046
steen,0.000046
read,0.000046
farrior,0.000046
lay,0.000046
money,0.000046
rosado,0.000046
brayboy,0.000046
schulz,0.000046
keating,0.000046
fulford,0.000046
siegel,0.000046
ormond,0.000046
dameron,0.000046
hopson,0.000046
hawes,0.000046
guyton,0.000046
shores,0.000046
neese,0.000046
tolley,0.000046
isom,0.000046
tant,0.000046
clemmer,0.000046
thayer,0.000046
grimsley,0.000046
fonville,0.000046
miner,0.000046
pereira,0.000046
lara,0.000046
still,0.000046
diamond,0.000046
brake,0.000045
gooden,0.000045
weatherly,0.000045
hocutt,0.000045
mcdaniels,0.000045
marr,0.000045
lyle,0.000045
nettles,0.000045
fogle,0.000045
grove,0.000045
borden,0.000045
o'neill,0.000045
burnham,0.000045
burger,0.000045
curlee,0.000045
babcock,0.000045
hawthorne,0.000045
blum,0.000045
schumacher,0.000045
gaskill,0.000045
rozier,0.000045
mincey,0.000045
cronin,0.000045
rosales,0.000045
humphreys,0.000045
mullinax,0.000045
thomasson,0.000045
guevara,0.000045
styers,0.000045
kraft,0.000045
michel,0.000045
lowrance,0.000045
threatt,0.000045
kellam,0.000045
albritton,0.000045
valencia,0.000045
meares,0.000045
flaherty,0.000045
dang,0.000045
hanley,0.000045
reich,0.000045
ruth,0.000045
ballew,0.000045
engel,0.000045
leathers,0.000045
nagy,0.000045
rand,0.000045
nickerson,0.000045
haithcock,0.000045
debnam,0.000045
correa,0.000045
hagans,0.000045
blaylock,0.000045
gossett,0.000045
starkey,0.000045
mccord,0.000045
pitman,0.000045
weldon,0.000045
wakefield,0.000045
flack,0.000045
koehler,0.000045
brand,0.000045
ussery,0.000045
gann,0.000044
south,0.000044
vaught,0.000044
gavin,0.000044
zimmer,0.000044
harp,0.000044
ibarra,0.000044
luke,0.000044
sells,0.000044
mceachern,0.000044
shew,0.000044
cardenas,0.000044
doan,0.000044
urban,0.000044
deleon,0.000044
tice,0.000044
hartsfield,0.000044
jacob,0.000044
passmore,0.000044
guinn,0.000044
rimmer,0.000044
sifford,0.000044
sumpter,0.000044
rea,0.000044
pless,0.000044
heaton,0.000044
eddy,0.000044
motsinger,0.000044
gatlin,0.000044
hazelwood,0.000044
royall,0.000044
credle,0.000044
seaman,0.000044
packer,0.000044
olive,0.000044
turlington,0.000044
jester,0.000044
gale,0.000044
doran,0.000044
brogden,0.000044
slack,0.000044
nesbit,0.000044
basinger,0.000044
eley,0.000044
prather,0.000044
fain,0.000044
squire,0.000044
ibrahim,0.000044
meehan,0.000044
lund,0.000044
dow,0.000044
joy,0.000044
wetherington,0.000044
tyree,0.000044
feldman,0.000043
toms,0.000043
prater,0.000043
stoner,0.000043
ferebee,0.000043
thurston,0.000043
gales,0.000043
waldron,0.000043
ipock,0.000043
kinley,0.000043
ashburn,0.000043
salisbury,0.000043
ethridge,0.000043
totten,0.000043
winfield,0.000043
richey,0.000043
rao,0.000043
mattox,0.000043
woodley,0.000043
truitt,0.000043
pleasants,0.000043
friend,0.000043
rubio,0.000043
gaffney,0.000043
sierra,0.000043
epley,0.000043
woodie,0.000043
tapp,0.000043
whitten,0.000043
greco,0.000043
gambill,0.000043
mckeel,0.000043
purnell,0.000043
bostian,0.000043
giordano,0.000043
rogerson,0.000043
dietrich,0.000043
higdon,0.000043
sales,0.000043
hunnicutt,0.000043
meads,0.000043
milliken,0.000043
shumaker,0.000043
ly,0.000043
spellman,0.000043
morrisey,0.000043
lu,0.000043
schwab,0.000043
carrigan,0.000043
justus,0.000043
bratton,0.000043
horvath,0.000043
suddreth,0.000043
mccurdy,0.000043
zeigler,0.000043
florence,0.000043
calvert,0.000043
ryder,0.000043
teeter,0.000043
hedgecock,0.000043
badger,0.000043
mosher,0.000043
nye,0.000043
forsythe,0.000043
doty,0.000043
titus,0.000043
mcfalls,0.000043
dietz,0.000043
garmon,0.000043
coburn,0.000043
chriscoe,0.000043
lippard,0.000042
hoffmann,0.000042
twitty,0.000042
lemon,0.000042
hoots,0.000042
boucher,0.000042
conroy,0.000042
keziah,0.000042
spry,0.000042
nanney,0.000042
woodcock,0.000042
pringle,0.000042
kraus,0.000042
fenner,0.000042
forrester,0.000042
keck,0.000042
pepper,0.000042
paylor,0.000042
mcabee,0.000042
cauble,0.000042
tierney,0.000042
bronson,0.000042
ponce,0.000042
ridge,0.000042
willingham,0.000042
merchant,0.000042
stackhouse,0.000042
hendren,0.000042
littleton,0.000042
waite,0.000042
howerton,0.000042
idol,0.000042
burrus,0.000042
abee,0.000042
block,0.000042
wentz,0.000042
luckey,0.000042
burcham,0.000042
parlier,0.000042
landers,0.000042
sheldon,0.000042
gandy,0.000042
holshouser,0.000042
barney,0.000042
moxley,0.000042
ogburn,0.000042
doster,0.000042
sweat,0.000042
mcdougal,0.000042
dunning,0.000042
mccormack,0.000042
weatherman,0.000042
drayton,0.000042
nolen,0.000042
baer,0.000042
cloer,0.000042
philbeck,0.000042
mixon,0.000042
billingsley,0.000042
goad,0.000042
perryman,0.000042
piercy,0.000042
poore,0.000042
tester,0.000042
raby,0.000042
kaur,0.000042
darling,0.000042
warwick,0.000041
jett,0.000041
schafer,0.000041
wofford,0.000041
fitts,0.000041
stroup,0.000041
linder,0.000041
rapp,0.000041
greenberg,0.000041
sorrells,0.000041
donohue,0.000041
schaffer,0.000041
forehand,0.000041
ritch,0.000041
ebert,0.000041
hash,0.000041
mewborn,0.000041
gomes,0.000041
leviner,0.000041
mackenzie,0.000041
ulrich,0.000041
gobble,0.000041
mcauley,0.000041
gresham,0.000041
paschall,0.000041
ingold,0.000041
griffiths,0.000041
shropshire,0.000041
chalmers,0.000041
kyle,0.000041
deluca,0.000041
preslar,0.000041
wainwright,0.000041
fritts,0.000041
baron,0.000041
pettaway,0.000041
gough,0.000041
fairchild,0.000041
gillette,0.000041
engle,0.000041
busch,0.000041
palacios,0.000041
fullwood,0.000041
lor,0.000041
mcentire,0.000041
rooney,0.000041
kellum,0.000041
whitmore,0.000041
sawyers,0.000041
whisenant,0.000041
dejesus,0.000040
do,0.000040
badgett,0.000040
maier,0.000040
munday,0.000040
schenck,0.000040
warden,0.000040
bernstein,0.000040
fay,0.000040
shoe,0.000040
cashion,0.000040
burrow,0.000040
bulluck,0.000040
lesane,0.000040
ely,0.000040
rickard,0.000040
eaker,0.000040
swicegood,0.000040
riggsbee,0.000040
kauffman,0.000040
hyder,0.000040
hagen,0.000040
coffman,0.000040
griswold,0.000040
malcolm,0.000040
lockett,0.000040
laster,0.000040
cote,0.000040
kesler,0.000040
maultsby,0.000040
otto,0.000040
pierre,0.000040
stines,0.000040
hillman,0.000040
shuping,0.000040
elledge,0.000040
jobe,0.000040
musselwhite,0.000040
reams,0.000040
bannerman,0.000040
mcphaul,0.000040
tapia,0.000040
baughman,0.000040
owensby,0.000040
harward,0.000040
beauchamp,0.000040
kaylor,0.000039
bone,0.000039
shockley,0.000039
core,0.000039
francisco,0.000039
cuthrell,0.000039
hay,0.000039
spillman,0.000039
kenyon,0.000039
feaster,0.000039
bauguess,0.000039
mora,0.000039
huddleston,0.000039
elrod,0.000039
power,0.000039
clinard,0.000039
cato,0.000039
cummins,0.000039
smithey,0.000039
hildebrand,0.000039
butner,0.000039
senter,0.000039
maguire,0.000039
cordero,0.000039
osteen,0.000039
blanco,0.000039
german,0.000039
cary,0.000039
coughlin,0.000039
cayton,0.000039
garvey,0.000039
smathers,0.000039
draughon,0.000039
o'donnell,0.000039
macias,0.000039
epperson,0.000039
bolen,0.000039
stillwell,0.000039
rider,0.000039
landrum,0.000039
pinckney,0.000039
reddy,0.000039
merrell,0.000039
rangel,0.000039
wheatley,0.000039
rader,0.000039
gifford,0.000039
conard,0.000039
shope,0.000039
hutcherson,0.000039
sills,0.000039
collie,0.000039
porterfield,0.000039
neumann,0.000039
hux,0.000039
whiting,0.000039
trejo,0.000039
weller,0.000039
thaxton,0.000039
grey,0.000039
schaeffer,0.000039
waldroup,0.000039
gage,0.000039
pinto,0.000039
dowling,0.000039
tillett,0.000039
speed,0.000039
renfrow,0.000039
speas,0.000039
schwarz,0.000039
benedict,0.000039
tickle,0.000039
leonhardt,0.000038
pauley,0.000038
renegar,0.000038
hipps,0.000038
mcdade,0.000038
godette,0.000038
mohr,0.000038
grissett,0.000038
gist,0.000038
amin,0.000038
rickman,0.000038
vogler,0.000038
kang,0.000038
sun,0.000038
dix,0.000038
vannoy,0.000038
aldrich,0.000038
vest,0.000038
tabron,0.000038
cavenaugh,0.000038
norville,0.000038
crisco,0.000038
mclemore,0.000038
fine,0.000038
wilfong,0.000038
lawler,0.000038
eastman,0.000038
albrecht,0.000038
metts,0.000038
thames,0.000038
sandlin,0.000038
bratcher,0.000038
frizzell,0.000038
ragsdale,0.000038
pettigrew,0.000038
bock,0.000038
binkley,0.000038
levin,0.000038
agnew,0.000038
xu,0.000038
hoff,0.000038
cowell,0.000038
hitchcock,0.000038
alphin,0.000038
maples,0.000038
vess,0.000038
eury,0.000038
mccullers,0.000038
schell,0.000038
ernst,0.000038
barrera,0.000038
leath,0.000038
ridley,0.000038
crider,0.000038
capers,0.000038
tobias,0.000038
seawell,0.000038
hartness,0.000038
ahmad,0.000038
tang,0.000038
pfeiffer,0.000038
beddingfield,0.000038
rowan,0.000038
whichard,0.000038
ryals,0.000038
beyer,0.000038
hipp,0.000038
vogt,0.000038
boddie,0.000038
tackett,0.000038
schrader,0.000038
mcgovern,0.000038
burge,0.000038
cardona,0.000038
dollar,0.000038
kowalski,0.000038
dowless,0.000037
sutphin,0.000037
coppedge,0.000037
cress,0.000037
lozano,0.000037
brockington,0.000037
ratcliff,0.000037
nifong,0.000037
burgos,0.000037
whitesell,0.000037
bittle,0.000037
thao,0.000037
tesh,0.000037
burdette,0.000037
mohammed,0.000037
lyda,0.000037
ferreira,0.000037
lacey,0.000037
coon,0.000037
anglin,0.000037
macklin,0.000037
creasman,0.000037
eckert,0.000037
plott,0.000037
heck,0.000037
lohr,0.000037
shank,0.000037
renfro,0.000037
wishon,0.000037
dawes,0.000037
tadlock,0.000037
felix,0.000037
ohara,0.000037
suber,0.000037
siu,0.000037
arellano,0.000037
crum,0.000037
odum,0.000037
wingler,0.000037
caddell,0.000037
browder,0.000037
song,0.000037
zheng,0.000037
millner,0.000037
coombs,0.000037
gwaltney,0.000037
heatherly,0.000037
halstead,0.000037
cathcart,0.000037
hudspeth,0.000037
stott,0.000037
monteith,0.000037
chestnutt,0.000037
rumley,0.000037
foss,0.000037
woodell,0.000037
hinds,0.000037
earle,0.000037
nugent,0.000037
mcilwain,0.000037
kinard,0.000037
goodnight,0.000037
deitz,0.000037
dalrymple,0.000037
massie,0.000037
harkins,0.000037
ratchford,0.000037
pride,0.000037
devore,0.000037
joiner,0.000037
herrmann,0.000037
flippin,0.000037
newberry,0.000037
ricketts,0.000037
surrett,0.000037
boatwright,0.000037
morrell,0.000037
monahan,0.000037
salgado,0.000037
gower,0.000037
jonas,0.000036
pilkington,0.000036
pence,0.000036
pettus,0.000036
peralta,0.000036
negron,0.000036
edmond,0.000036
matos,0.000036
flint,0.000036
parish,0.000036
wadsworth,0.000036
aponte,0.000036
tingen,0.000036
goolsby,0.000036
wesson,0.000036
cho,0.000036
stearns,0.000036
ziglar,0.000036
busby,0.000036
hayward,0.000036
hoang,0.000036
schuster,0.000036
louis,0.000036
fulghum,0.000036
shade,0.000036
kahn,0.000036
steadman,0.000036
denson,0.000036
townes,0.000036
doughty,0.000036
oden,0.000036
horrell,0.000036
free,0.000036
mcdonnell,0.000036
nall,0.000036
caison,0.000036
bravo,0.000036
gentile,0.000036
hord,0.000036
wilde,0.000036
seitz,0.000036
henning,0.000036
barden,0.000036
pass,0.000036
overstreet,0.000036
trimble,0.000036
foye,0.000036
bliss,0.000036
munson,0.000036
underhill,0.000036
mahan,0.000036
dagenhart,0.000036
o'connell,0.000036
hemric,0.000036
cheng,0.000036
hight,0.000036
trujillo,0.000036
nowak,0.000036
lively,0.000036
rinehart,0.000036
lim,0.000036
weatherford,0.000036
mears,0.000036
casstevens,0.000036
fenton,0.000036
freeland,0.000036
auton,0.000036
rankins,0.000036
harless,0.000036
gerber,0.000036
robson,0.000036
donald,0.000036
hayworth,0.000036
holbert,0.000036
hucks,0.000036
tan,0.000035
meek,0.000035
saleh,0.000035
bourne,0.000035
rayfield,0.000035
huey,0.000035
milner,0.000035
schronce,0.000035
uzzell,0.000035
hartis,0.000035
nesmith,0.000035
mceachin,0.000035
wortham,0.000035
brenner,0.000035
mcminn,0.000035
wyche,0.000035
tolliver,0.000035
carriker,0.000035
swaney,0.000035
higginbotham,0.000035
garnett,0.000035
montes,0.000035
manns,0.000035
jennette,0.000035
stacey,0.000035
lincoln,0.000035
flythe,0.000035
zuniga,0.000035
villegas,0.000035
devlin,0.000035
waggoner,0.000035
noonan,0.000035
duarte,0.000035
autrey,0.000035
mark,0.000035
delong,0.000035
brannan,0.000035
heafner,0.000035
stauffer,0.000035
ange,0.000035
christmas,0.000035
morrissey,0.000035
turbyfill,0.000035
gaskin,0.000035
peterkin,0.000035
oleary,0.000035
cuevas,0.000035
mackie,0.000035
maready,0.000035
ligon,0.000035
grossman,0.000035
angell,0.000035
hatchett,0.000035
leone,0.000035
reedy,0.000035
brunner,0.000035
beltran,0.000035
laird,0.000035
amerson,0.000035
gilreath,0.000035
zachary,0.000035
perrin,0.000035
switzer,0.000035
stainback,0.000035
whitford,0.000035
peedin,0.000035
heyward,0.000035
severt,0.000035
thrower,0.000035
gravely,0.000035
pippin,0.000035
kistler,0.000035
dabbs,0.000035
burchfield,0.000035
mcclung,0.000035
brafford,0.000035
holiday,0.000035
rust,0.000035
beebe,0.000035
barnhart,0.000035
trice,0.000035
leatherwood,0.000035
lipford,0.000035
ezell,0.000035
acker,0.000035
hirsch,0.000035
zamora,0.000035
tunstall,0.000034
kruse,0.000034
poovey,0.000034
baez,0.000034
warrick,0.000034
huston,0.000034
redman,0.000034
bethune,0.000034
pigford,0.000034
christiansen,0.000034
outen,0.000034
andrew,0.000034
houghton,0.000034
somerville,0.000034
peay,0.000034
roundtree,0.000034
trapp,0.000034
rothrock,0.000034
woodring,0.000034
windsor,0.000034
dorn,0.000034
root,0.000034
guin,0.000034
espinosa,0.000034
dobbs,0.000034
withrow,0.000034
hamer,0.000034
beall,0.000034
mchenry,0.000034
zhou,0.000034
lash,0.000034
zapata,0.000034
deyton,0.000034
moreland,0.000034
jorgensen,0.000034
christenbury,0.000034
buffkin,0.000034
mccartney,0.000034
talbot,0.000034
blocker,0.000034
carawan,0.000034
fesperman,0.000034
blakley,0.000034
shultz,0.000034
pinkney,0.000034
myles,0.000034
alfaro,0.000034
baynard,0.000034
whicker,0.000034
lingle,0.000034
parr,0.000034
gammon,0.000034
bull,0.000034
mcclary,0.000034
daves,0.000034
coyne,0.000034
vail,0.000034
streater,0.000034
mcelveen,0.000034
cotter,0.000034
longo,0.000034
redden,0.000034
toomer,0.000034
oliphant,0.000034
tolson,0.000034
nunnery,0.000034
fontaine,0.000034
harry,0.000034
kellogg,0.000034
babson,0.000034
seagroves,0.000034
irizarry,0.000034
herrin,0.000034
usher,0.000034
pannell,0.000034
deloach,0.000034
icard,0.000034
bergeron,0.000034
sammons,0.000034
bouchard,0.000034
hardwick,0.000034
mcnabb,0.000034
lo,0.000034
avant,0.000034
guest,0.000034
hildebran,0.000034
pinkston,0.000034
widener,0.000033
levi,0.000033
clemens,0.000033
gardiner,0.000033
jay,0.000033
quarles,0.000033
broadwell,0.000033
michaud,0.000033
player,0.000033
whelan,0.000033
eggleston,0.000033
grose,0.000033
charlton,0.000033
rockwell,0.000033
agee,0.000033
crooks,0.000033
sechrist,0.000033
choate,0.000033
stirewalt,0.000033
boseman,0.000033
helm,0.000033
joshi,0.000033
caple,0.000033
nations,0.000033
galbreath,0.000033
luffman,0.000033
yandle,0.000033
robb,0.000033
churchill,0.000033
prichard,0.000033
swaringen,0.000033
hatton,0.000033
messina,0.000033
jaynes,0.000033
bunton,0.000033
meacham,0.000033
ashton,0.000033
lavender,0.000033
feimster,0.000033
byrnes,0.000033
valle,0.000033
cass,0.000033
turbeville,0.000033
cranfill,0.000033
rosenthal,0.000033
snowden,0.000033
chatham,0.000033
duggan,0.000033
girard,0.000033
conn,0.000033
ruppe,0.000033
rees,0.000033
malik,0.000033
bales,0.000033
fann,0.000033
hills,0.000033
hodgson,0.000033
jean,0.000033
dishman,0.000033
philyaw,0.000033
rowley,0.000033
capel,0.000033
crespo,0.000033
cordova,0.000033
dennison,0.000033
reason,0.000033
scronce,0.000033
cervantes,0.000033
chu,0.000033
osorio,0.000033
hummel,0.000033
adamson,0.000033
midkiff,0.000033
stoddard,0.000033
flora,0.000033
pyle,0.000033
brotherton,0.000033
caraway,0.000033
jacques,0.000033
haynie,0.000033
eanes,0.000033
creel,0.000033
hazel,0.000033
scarlett,0.000033
culver,0.000033
mcnulty,0.000032
grover,0.000032
fortenberry,0.000032
partridge,0.000032
mickens,0.000032
bowie,0.000032
brannock,0.000032
letchworth,0.000032
sandy,0.000032
lumpkin,0.000032
amato,0.000032
worsham,0.000032
bracken,0.000032
cowart,0.000032
villa,0.000032
vanhook,0.000032
bohannon,0.000032
marrero,0.000032
mcgaha,0.000032
crumpton,0.000032
keane,0.000032
jacobsen,0.000032
mast,0.000032
han,0.000032
weavil,0.000032
hammett,0.000032
whatley,0.000032
futch,0.000032
allgood,0.000032
beckett,0.000032
roscoe,0.000032
lafferty,0.000032
mowery,0.000032
meador,0.000032
clancy,0.000032
carlin,0.000032
cousins,0.000032
howze,0.000032
swing,0.000032
waterman,0.000032
gerringer,0.000032
benoit,0.000032
rhoney,0.000032
frisbee,0.000032
seagraves,0.000032
cisneros,0.000032
willey,0.000032
tweed,0.000032
lowdermilk,0.000032
keeler,0.000032
bivins,0.000032
orozco,0.000032
linn,0.000032
schreiber,0.000032
gruber,0.000032
chaffin,0.000032
moulton,0.000032
skelton,0.000032
olds,0.000032
thrasher,0.000032
loomis,0.000032
layman,0.000032
dewey,0.000032
corum,0.000032
mcclintock,0.000032
pendergraft,0.000032
stringer,0.000032
schmid,0.000032
dayton,0.000032
croft,0.000032
cheney,0.000032
shealy,0.000032
berman,0.000032
thrift,0.000032
gannon,0.000032
ridgeway,0.000032
testerman,0.000032
wallin,0.000032
baynes,0.000032
gallegos,0.000032
latimer,0.000032
meza,0.000032
harlow,0.000032
vandyke,0.000032
peyton,0.000032
icenhour,0.000032
tetterton,0.000032
clarkson,0.000032
chin,0.000032
noe,0.000032
adam,0.000032
burk,0.000032
harrold,0.000032
noah,0.000032
hearne,0.000032
abney,0.000032
gulley,0.000032
watters,0.000032
bermudez,0.000032
fallon,0.000032
ocampo,0.000032
mccreary,0.000032
poythress,0.000032
jenks,0.000032
moffett,0.000032
douthit,0.000032
buffaloe,0.000031
clevenger,0.000031
marcum,0.000031
majors,0.000031
herrington,0.000031
fuqua,0.000031
mcclanahan,0.000031
eads,0.000031
kindley,0.000031
hardesty,0.000031
strauss,0.000031
doub,0.000031
moua,0.000031
leahy,0.000031
featherstone,0.000031
kimbrell,0.000031
derr,0.000031
claiborne,0.000031
eddins,0.000031
keefer,0.000031
bauman,0.000031
garber,0.000031
nealy,0.000031
voncannon,0.000031
colwell,0.000031
hoilman,0.000031
weiner,0.000031
stilley,0.000031
hutto,0.000031
schmitz,0.000031
greenfield,0.000031
cade,0.000031
hairr,0.000031
tann,0.000031
christman,0.000031
montalvo,0.000031
umstead,0.000031
darr,0.000031
nivens,0.000031
kohler,0.000031
orellana,0.000031
byars,0.000031
mungo,0.000031
noland,0.000031
wingo,0.000031
stultz,0.000031
counts,0.000031
blackley,0.000031
critcher,0.000031
boland,0.000031
frantz,0.000031
tiller,0.000031
mcafee,0.000031
jansen,0.000031
rahman,0.000031
wilks,0.000031
rierson,0.000031
greenlee,0.000031
gattis,0.000031
bergman,0.000031
boothe,0.000031
hong,0.000031
sample,0.000031
mcmasters,0.000031
wetzel,0.000031
fort,0.000031
zhu,0.000031
zhao,0.000031
gauthier,0.000031
shreve,0.000031
traylor,0.000031
lorenz,0.000031
mccluney,0.000031
burdick,0.000031
salley,0.000031
leftwich,0.000031
evers,0.000031
levesque,0.000031
flannery,0.000031
bolt,0.000031
phelan,0.000031
rhoads,0.000031
hasan,0.000031
kight,0.000031
eakes,0.000031
lathan,0.000031
nantz,0.000031
jaramillo,0.000031
aviles,0.000031
augustine,0.000031
whitsett,0.000031
griffis,0.000031
gammons,0.000031
lombardi,0.000030
mcdevitt,0.000030
otero,0.000030
guess,0.000030
presson,0.000030
younce,0.000030
imes,0.000030
bunce,0.000030
arndt,0.000030
mickey,0.000030
peeples,0.000030
mcelrath,0.000030
healey,0.000030
wolford,0.000030
murillo,0.000030
greenway,0.000030
currence,0.000030
parikh,0.000030
ricker,0.000030
rawlings,0.000030
amaya,0.000030
cohn,0.000030
lyman,0.000030
redfern,0.000030
patten,0.000030
tindall,0.000030
hughey,0.000030
muniz,0.000030
lovingood,0.000030
barth,0.000030
hargis,0.000030
fuchs,0.000030
williard,0.000030
adler,0.000030
daughtridge,0.000030
harbin,0.000030
strayhorn,0.000030
keeton,0.000030
roebuck,0.000030
thorn,0.000030
budd,0.000030
peaden,0.000030
carrier,0.000030
sipes,0.000030
matson,0.000030
doggett,0.000030
sauer,0.000030
pernell,0.000030
pool,0.000030
betancourt,0.000030
paulson,0.000030
tilghman,0.000030
martino,0.000030
duong,0.000030
snodgrass,0.000030
rummage,0.000030
villarreal,0.000030
gil,0.000030
saxon,0.000030
wing,0.000030
wimbush,0.000030
riggan,0.000030
forbis,0.000030
pickering,0.000030
rives,0.000030
broyles,0.000030
bolling,0.000030
geter,0.000030
mizell,0.000030
breen,0.000030
cormier,0.000030
haggerty,0.000030
allan,0.000030
lovick,0.000030
smitherman,0.000030
vue,0.000030
herrick,0.000030
mccrea,0.000030
ksor,0.000030
lanham,0.000030
dykes,0.000030
farnsworth,0.000030
tomberlin,0.000030
easton,0.000030
bigham,0.000030
durden,0.000030
farthing,0.000030
shivers,0.000030
mckeon,0.000030
peak,0.000030
stikeleather,0.000030
keefe,0.000029
humble,0.000029
cao,0.000029
lisk,0.000029
skaggs,0.000029
smyre,0.000029
schilling,0.000029
sidden,0.000029
seeley,0.000029
dingle,0.000029
horan,0.000029
barclay,0.000029
rook,0.000029
card,0.000029
zavala,0.000029
ruggiero,0.000029
nowlin,0.000029
trammell,0.000029
kelsey,0.000029
qualls,0.000029
gettys,0.000029
lipe,0.000029
giddens,0.000029
pettis,0.000029
chisolm,0.000029
drakeford,0.000029
billups,0.000029
rodriquez,0.000029
elias,0.000029
crayton,0.000029
winfrey,0.000029
wellington,0.000029
putman,0.000029
petree,0.000029
gipson,0.000029
birch,0.000029
stubblefield,0.000029
wahl,0.000029
fearrington,0.000029
canada,0.000029
rominger,0.000029
berryman,0.000029
abreu,0.000029
carrick,0.000029
jain,0.000029
shuman,0.000029
dallas,0.000029
foltz,0.000029
lister,0.000029
dunaway,0.000029
whipple,0.000029
quintero,0.000029
rippy,0.000029
perkinson,0.000029
matheny,0.000029
amick,0.000029
vera,0.000029
looney,0.000029
geer,0.000029
wescott,0.000029
sturgis,0.000029
okeefe,0.000029
mcvey,0.000029
faggart,0.000029
harbison,0.000029
beattie,0.000029
furman,0.000029
erb,0.000029
mcgriff,0.000029
simonds,0.000029
smithson,0.000029
cosgrove,0.000029
havens,0.000029
shehan,0.000029
moeller,0.000029
shanks,0.000029
fournier,0.000029
holly,0.000029
unger,0.000029
pendley,0.000029
jung,0.000029
mccloskey,0.000029
schofield,0.000029
blackstock,0.000029
mckellar,0.000029
crank,0.000029
burchett,0.000029
gurung,0.000029
caron,0.000029
toole,0.000029
dinh,0.000028
sell,0.000028
dunlow,0.000028
mclellan,0.000028
sweatt,0.000028
bethel,0.000028
mcgrady,0.000028
stith,0.000028
enloe,0.000028
lovin,0.000028
welker,0.000028
macleod,0.000028
mccallister,0.000028
demery,0.000028
runyon,0.000028
merriman,0.000028
karriker,0.000028
aquino,0.000028
parra,0.000028
rasberry,0.000028
hembree,0.000028
chapin,0.000028
kruger,0.000028
brink,0.000028
bey,0.000028
eaddy,0.000028
shrader,0.000028
solano,0.000028
rocha,0.000028
feliciano,0.000028
stogner,0.000028
jameson,0.000028
golding,0.000028
mackay,0.000028
travers,0.000028
condon,0.000028
ferry,0.000028
curley,0.000028
trout,0.000028
bodenheimer,0.000028
postell,0.000028
baskerville,0.000028
edmiston,0.000028
ellsworth,0.000028
swenson,0.000028
mccutcheon,0.000028
roush,0.000028
chrismon,0.000028
ramsay,0.000028
scanlon,0.000028
hendley,0.000028
vaden,0.000028
ratcliffe,0.000028
hilburn,0.000028
mata,0.000028
custer,0.000028
bulla,0.000028
boling,0.000028
bello,0.000028
averette,0.000028
bowe,0.000028
kitchens,0.000028
herr,0.000028
daigle,0.000028
denney,0.000028
caton,0.000028
lauer,0.000028
cauley,0.000028
berryhill,0.000028
palumbo,0.000028
fulmer,0.000028
rhew,0.000028
shouse,0.000028
blow,0.000028
wallen,0.000028
bouldin,0.000028
nail,0.000028
belanger,0.000028
bachman,0.000028
kenan,0.000028
ballentine,0.000028
dahl,0.000028
jaimes,0.000028
derrick,0.000028
quinlan,0.000028
spaugh,0.000028
deweese,0.000028
nester,0.000028
winborne,0.000028
matlock,0.000028
copley,0.000028
bernal,0.000028
pinkerton,0.000028
raymer,0.000028
stinnett,0.000028
kovacs,0.000028
abdullah,0.000028
rafferty,0.000028
marable,0.000028
portillo,0.000028
plunkett,0.000028
gilliard,0.000028
seal,0.000028
brant,0.000028
hook,0.000028
ripley,0.000028
ferrara,0.000028
ma,0.000028
mccants,0.000028
bondurant,0.000028
eastwood,0.000028
colley,0.000028
smyth,0.000028
shanahan,0.000028
pond,0.000028
emmons,0.000028
oquinn,0.000028
gunther,0.000028
swanger,0.000028
colvard,0.000027
gillispie,0.000027
velasco,0.000027
hemby,0.000027
corona,0.000027
fanning,0.000027
parry,0.000027
brubaker,0.000027
wilds,0.000027
archibald,0.000027
varela,0.000027
lemay,0.000027
hulin,0.000027
isler,0.000027
weddington,0.000027
haskell,0.000027
tharpe,0.000027
wingfield,0.000027
caskey,0.000027
neel,0.000027
kallam,0.000027
paynter,0.000027
hedges,0.000027
ives,0.000027
tudor,0.000027
biddle,0.000027
winfree,0.000027
march,0.000027
franz,0.000027
myatt,0.000027
kovach,0.000027
doll,0.000027
weinstein,0.000027
jeffrey,0.000027
corder,0.000027
marvin,0.000027
majette,0.000027
dillahunt,0.000027
poarch,0.000027
westfall,0.000027
tennant,0.000027
tharp,0.000027
o'neil,0.000027
cobbs,0.000027
witcher,0.000027
wilborn,0.000027
esquivel,0.000027
almeida,0.000027
swafford,0.000027
trollinger,0.000027
rodrigues,0.000027
hogg,0.000027
bernhardt,0.000027
thompkins,0.000027
cothran,0.000027
pyles,0.000027
molnar,0.000027
yanez,0.000027
essick,0.000027
jamerson,0.000027
marx,0.000027
caputo,0.000027
arney,0.000027
neil,0.000027
rai,0.000027
hurtado,0.000027
shankle,0.000027
rousseau,0.000027
mattison,0.000027
brumfield,0.000027
lamberth,0.000027
basham,0.000027
maxey,0.000027
lavoie,0.000027
mathew,0.000027
woodbury,0.000027
coffin,0.000027
pell,0.000027
bannister,0.000027
silverman,0.000027
galvan,0.000027
harvin,0.000027
whidbee,0.000027
keegan,0.000027
sitton,0.000027
smothers,0.000027
truelove,0.000027
lantz,0.000027
rumfelt,0.000027
litaker,0.000027
kopp,0.000027
mckeown,0.000027
fishel,0.000027
trivett,0.000027
corbitt,0.000027
barone,0.000027
alonso,0.000027
broderick,0.000027
lindquist,0.000027
covert,0.000027
jack,0.000027
nadeau,0.000027
peed,0.000027
dark,0.000027
turrentine,0.000027
via,0.000027
robins,0.000026
aikens,0.000026
boykins,0.000026
inscoe,0.000026
dull,0.000026
lamar,0.000026
hartzog,0.000026
dugger,0.000026
tuggle,0.000026
scism,0.000026
smithwick,0.000026
curtin,0.000026
howington,0.000026
cooney,0.000026
vickery,0.000026
mcvay,0.000026
privott,0.000026
falk,0.000026
brockman,0.000026
forsyth,0.000026
ijames,0.000026
graf,0.000026
ferree,0.000026
nagle,0.000026
mcwhorter,0.000026
bourgeois,0.000026
hussain,0.000026
lewallen,0.000026
littlefield,0.000026
toomey,0.000026
gourley,0.000026
sommer,0.000026
jiang,0.000026
matney,0.000026
gilmer,0.000026
o'dell,0.000026
caraballo,0.000026
pigg,0.000026
dorton,0.000026
hoy,0.000026
mcmichael,0.000026
cartner,0.000026
hamel,0.000026
nipper,0.000026
hames,0.000026
creighton,0.000026
brownlee,0.000026
kolb,0.000026
demarco,0.000026
bozeman,0.000026
cosby,0.000026
ouellette,0.000026
dexter,0.000026
kiefer,0.000026
schuler,0.000026
dublin,0.000026
batista,0.000026
kanipe,0.000026
spriggs,0.000026
hofmann,0.000026
feeney,0.000026
sanderlin,0.000026
lear,0.000026
scherer,0.000026
summerville,0.000026
musser,0.000026
legg,0.000026
brann,0.000026
horsley,0.000026
slone,0.000026
prosser,0.000026
turley,0.000026
seymore,0.000026
upright,0.000026
cromwell,0.000026
lombardo,0.000026
colby,0.000026
bridgeman,0.000026
bair,0.000026
sage,0.000026
swisher,0.000026
alicea,0.000026
edney,0.000026
brandenburg,0.000026
stalls,0.000026
currier,0.000026
rainwater,0.000026
seibert,0.000026
flake,0.000026
ashcraft,0.000026
fite,0.000026
koon,0.000026
carelock,0.000026
ricci,0.000026
earls,0.000026
huerta,0.000026
treece,0.000026
legette,0.000026
baysden,0.000026
storie,0.000026
turnbull,0.000026
barrios,0.000026
carbone,0.000026
cogdill,0.000026
ralph,0.000026
mccrae,0.000026
bayne,0.000026
dry,0.000026
fonseca,0.000026
whittemore,0.000026
lopes,0.000025
barrino,0.000025
goetz,0.000025
masterson,0.000025
groff,0.000025
hedden,0.000025
kester,0.000025
conover,0.000025
will,0.000025
eldreth,0.000025
valentin,0.000025
osman,0.000025
baugh,0.000025
crist,0.000025
sabo,0.000025
muir,0.000025
finnegan,0.000025
gallant,0.000025
pfaff,0.000025
krieger,0.000025
hartsoe,0.000025
mcfarlane,0.000025
medrano,0.000025
noyes,0.000025
marler,0.000025
rinehardt,0.000025
applegate,0.000025
pankey,0.000025
throckmorton,0.000025
ketner,0.000025
mattingly,0.000025
frame,0.000025
beason,0.000025
hardie,0.000025
debruhl,0.000025
schulte,0.000025
kelleher,0.000025
fewell,0.000025
rhea,0.000025
souza,0.000025
abercrombie,0.000025
rosas,0.000025
petteway,0.000025
nagel,0.000025
mcbroom,0.000025
mellon,0.000025
redfearn,0.000025
smalley,0.000025
bumpass,0.000025
benner,0.000025
pruden,0.000025
haymore,0.000025
hardman,0.000025
crater,0.000025
honaker,0.000025
corrigan,0.000025
mcclinton,0.000025
pease,0.000025
schott,0.000025
lett,0.000025
ayres,0.000025
zeller,0.000025
cousin,0.000025
hubert,0.000025
lawhorn,0.000025
hamlet,0.000025
fahey,0.000025
gambrell,0.000025
sessions,0.000025
kernodle,0.000025
coltrain,0.000025
mcbrayer,0.000025
powe,0.000025
mcculloch,0.000025
lorenzo,0.000025
toledo,0.000025
ralston,0.000025
suitt,0.000025
renner,0.000025
francois,0.000025
maske,0.000025
bloodworth,0.000025
nie,0.000025
talbott,0.000025
carman,0.000025
espinal,0.000025
scearce,0.000025
o'hara,0.000025
bounds,0.000025
manson,0.000025
cheeks,0.000025
gallop,0.000025
headley,0.000025
glisson,0.000025
morman,0.000025
edmisten,0.000025
fordham,0.000025
packard,0.000025
dunne,0.000025
beamer,0.000025
edmunds,0.000025
bonham,0.000025
pearman,0.000025
mcmurry,0.000025
seamon,0.000025
lind,0.000025
prentice,0.000025
keech,0.000025
stine,0.000025
romeo,0.000025
himes,0.000025
maines,0.000025
frierson,0.000025
mathes,0.000025
galvin,0.000025
medeiros,0.000025
mcginn,0.000025
ng,0.000025
weddle,0.000024
rayburn,0.000024
wyant,0.000024
turney,0.000024
collazo,0.000024
heim,0.000024
loggins,0.000024
varney,0.000024
turman,0.000024
eskridge,0.000024
isbell,0.000024
mcpeters,0.000024
shephard,0.000024
deas,0.000024
turk,0.000024
bach,0.000024
fultz,0.000024
fulmore,0.000024
degree,0.000024
grandy,0.000024
clough,0.000024
heilig,0.000024
jasper,0.000024
kirchner,0.000024
palma,0.000024
matthis,0.000024
hartmann,0.000024
bobo,0.000024
bader,0.000024
granados,0.000024
saine,0.000024
randle,0.000024
hatchell,0.000024
carranza,0.000024
cyr,0.000024
mitchum,0.000024
paredes,0.000024
birchfield,0.000024
lawless,0.000024
lovejoy,0.000024
hacker,0.000024
wyman,0.000024
leazer,0.000024
kinder,0.000024
secrest,0.000024
broom,0.000024
mahon,0.000024
rakes,0.000024
gautier,0.000024
nava,0.000024
armour,0.000024
neighbors,0.000024
mastin,0.000024
keyser,0.000024
leclair,0.000024
leeper,0.000024
lemmons,0.000024
orlando,0.000024
larue,0.000024
farrish,0.000024
saul,0.000024
provost,0.000024
henriquez,0.000024
kehoe,0.000024
kearse,0.000024
morley,0.000024
cheshire,0.000024
nealey,0.000024
boylan,0.000024
orourke,0.000024
yopp,0.000024
yarboro,0.000024
royer,0.000024
kirsch,0.000024
mathias,0.000024
shatley,0.000024
aman,0.000024
kaminski,0.000024
hennessey,0.000024
valenzuela,0.000024
bedford,0.000024
preddy,0.000024
frazer,0.000024
whyte,0.000024
batton,0.000024
treadaway,0.000024
blank,0.000024
pegg,0.000024
cabral,0.000024
mcneilly,0.000024
tully,0.000024
rabb,0.000024
gentle,0.000024
pounds,0.000024
stoker,0.000024
alcorn,0.000024
noell,0.000024
matherly,0.000024
wheaton,0.000024
rodman,0.000024
ostrander,0.000024
haller,0.000024
slocum,0.000024
gathings,0.000024
gilman,0.000024
dupont,0.000024
rigsby,0.000024
sepulveda,0.000024
kirksey,0.000024
heflin,0.000024
maclean,0.000024
chiles,0.000024
suttle,0.000024
pitchford,0.000024
foxworth,0.000024
argueta,0.000024
wimberly,0.000024
morey,0.000024
mazur,0.000024
slattery,0.000024
gass,0.000024
mckiver,0.000024
crissman,0.000024
raiford,0.000024
pendry,0.000024
lock,0.000024
desantis,0.000024
freedman,0.000024
pomeroy,0.000024
goodin,0.000024
forster,0.000024
wooden,0.000024
mccarson,0.000024
larkins,0.000024
chambliss,0.000024
poulos,0.000024
wild,0.000024
bowyer,0.000024
mcewen,0.000024
close,0.000024
oswald,0.000024
wimmer,0.000024
levan,0.000024
caballero,0.000024
guo,0.000024
forman,0.000024
harms,0.000024
lakey,0.000024
stukes,0.000024
settles,0.000024
angle,0.000024
devries,0.000024
schubert,0.000024
eades,0.000024
stimpson,0.000023
gadson,0.000023
sale,0.000023
poland,0.000023
rinaldi,0.000023
kennon,0.000023
robeson,0.000023
jeffery,0.000023
carl,0.000023
edgar,0.000023
gaynor,0.000023
drury,0.000023
hu,0.000023
prewitt,0.000023
peppers,0.000023
ha,0.000023
madsen,0.000023
moorman,0.000023
doolittle,0.000023
philemon,0.000023
luce,0.000023
weems,0.000023
volk,0.000023
gardin,0.000023
sherron,0.000023
mancini,0.000023
hagwood,0.000023
low,0.000023
sibley,0.000023
samson,0.000023
chalk,0.000023
cothren,0.000023
acree,0.000023
bruns,0.000023
gaylord,0.000023
mcintire,0.000023
trevino,0.000023
monaghan,0.000023
condrey,0.000023
sager,0.000023
keeney,0.000023
braden,0.000023
kite,0.000023
shingleton,0.000023
greiner,0.000023
gerard,0.000023
begley,0.000023
taggart,0.000023
hutcheson,0.000023
sanborn,0.000023
ore,0.000023
kidwell,0.000023
sarvis,0.000023
dodds,0.000023
epstein,0.000023
pinson,0.000023
obriant,0.000023
baskin,0.000023
searles,0.000023
polanco,0.000023
keels,0.000023
storms,0.000023
noles,0.000023
oaks,0.000023
libby,0.000023
stroman,0.000023
niles,0.000023
geyer,0.000023
canup,0.000023
stokley,0.000023
peterman,0.000023
manus,0.000023
coppola,0.000023
fitzsimmons,0.000023
cyrus,0.000023
threadgill,0.000023
bearden,0.000023
duval,0.000023
hyland,0.000023
creasy,0.000023
herbst,0.000023
blaine,0.000023
towe,0.000023
cousar,0.000023
penninger,0.000023
merrick,0.000023
button,0.000023
scholl,0.000023
stoll,0.000023
swart,0.000023
chewning,0.000023
andre,0.000023
jaeger,0.000023
demers,0.000023
tubbs,0.000023
muldrow,0.000023
willson,0.000023
mcgehee,0.000023
dement,0.000023
fouts,0.000023
caswell,0.000023
delk,0.000023
taborn,0.000023
mapp,0.000023
spells,0.000023
strawn,0.000023
parent,0.000023
ulmer,0.000023
kish,0.000023
lathrop,0.000023
